collection_id,bin_id,collection_time,waste_collected_kg,truck_id,driver,status
COL0001,BIN001,2024-01-04 18:00:00,81.03,TRUCK04,Mary,completed
COL0002,BIN001,2024-01-08 00:00:00,78.05,TRUCK03,Emmanuel,completed
COL0003,BIN001,2024-01-08 06:00:00,79.89,TRUCK04,Grace,completed
COL0004,BIN001,2024-01-11 18:00:00,82.42,TRUCK03,Grace,completed
COL0005,BIN001,2024-01-14 18:00:00,84.25,TRUCK04,Peter,completed
COL0006,BIN001,2024-01-18 18:00:00,80.99,TRUCK02,Paul,completed
COL0007,BIN001,2024-01-19 00:00:00,80.04,TRUCK04,Grace,completed
COL0008,BIN001,2024-01-22 06:00:00,79.93,TRUCK01,Peter,completed
COL0009,BIN001,2024-01-26 00:00:00,81.28,TRUCK04,Emmanuel,completed
COL0010,BIN001,2024-01-29 00:00:00,78.63,TRUCK02,Emmanuel,completed
COL0011,BIN001,2024-01-29 06:00:00,84.21,TRUCK04,Grace,completed
COL0012,BIN001,2024-02-02 12:00:00,80.16,TRUCK04,Peter,completed
COL0013,BIN001,2024-02-06 00:00:00,81.83,TRUCK03,Mary,completed
COL0014,BIN001,2024-02-06 06:00:00,83.68,TRUCK02,Mary,completed
COL0015,BIN001,2024-02-10 06:00:00,84.58,TRUCK01,Grace,completed
COL0016,BIN001,2024-02-13 00:00:00,84.27,TRUCK02,Peter,completed
COL0017,BIN001,2024-02-17 00:00:00,82.61,TRUCK01,Peter,completed
COL0018,BIN001,2024-02-20 00:00:00,79.62,TRUCK02,Mary,completed
COL0019,BIN001,2024-02-23 12:00:00,79.07,TRUCK01,Grace,completed
COL0020,BIN001,2024-02-26 00:00:00,78.34,TRUCK04,Grace,completed
COL0021,BIN001,2024-02-29 18:00:00,78.84,TRUCK03,Peter,completed
COL0022,BIN001,2024-03-04 12:00:00,79.36,TRUCK02,Peter,completed
COL0023,BIN001,2024-03-04 18:00:00,85.81,TRUCK02,Grace,completed
COL0024,BIN001,2024-03-08 12:00:00,80.63,TRUCK02,Paul,completed
COL0025,BIN001,2024-03-08 18:00:00,85.61,TRUCK04,Paul,completed
COL0026,BIN001,2024-03-12 06:00:00,82.29,TRUCK04,Mary,completed
COL0027,BIN001,2024-03-16 00:00:00,82.77,TRUCK01,Grace,completed
COL0028,BIN001,2024-03-19 18:00:00,82.18,TRUCK04,Paul,completed
COL0029,BIN001,2024-03-23 06:00:00,81.12,TRUCK02,Mary,completed
COL0030,BIN001,2024-03-26 18:00:00,79.57,TRUCK04,Paul,completed
COL0031,BIN001,2024-03-27 00:00:00,87.03,TRUCK04,Emmanuel,completed
COL0032,BIN001,2024-03-30 12:00:00,79.41,TRUCK02,Paul,completed
COL0033,BIN001,2024-03-30 18:00:00,79.18,TRUCK04,Peter,completed
COL0034,BIN002,2024-01-05 06:00:00,93.93,TRUCK02,Paul,completed
COL0035,BIN002,2024-01-05 12:00:00,101.47,TRUCK01,Peter,completed
COL0036,BIN002,2024-01-10 00:00:00,96.33,TRUCK03,Grace,completed
COL0037,BIN002,2024-01-14 06:00:00,94.14,TRUCK01,Paul,completed
COL0038,BIN002,2024-01-14 12:00:00,98.65,TRUCK02,Paul,completed
COL0039,BIN002,2024-01-19 12:00:00,99.03,TRUCK02,Mary,completed
COL0040,BIN002,2024-01-23 12:00:00,97.26,TRUCK03,Emmanuel,completed
COL0041,BIN002,2024-01-28 00:00:00,96.66,TRUCK03,Mary,completed
COL0042,BIN002,2024-02-01 06:00:00,94.27,TRUCK04,Emmanuel,completed
COL0043,BIN002,2024-02-01 12:00:00,101.41,TRUCK01,Peter,completed
COL0044,BIN002,2024-02-05 12:00:00,99.12,TRUCK02,Paul,completed
COL0045,BIN002,2024-02-10 00:00:00,94.6,TRUCK04,Mary,completed
COL0046,BIN002,2024-02-10 06:00:00,98.66,TRUCK04,Grace,completed
COL0047,BIN002,2024-02-14 18:00:00,97.39,TRUCK03,Peter,completed
COL0048,BIN002,2024-02-18 18:00:00,95.45,TRUCK01,Emmanuel,completed
COL0049,BIN002,2024-02-19 00:00:00,98.44,TRUCK01,Paul,completed
COL0050,BIN002,2024-02-23 12:00:00,97.24,TRUCK04,Mary,completed
COL0051,BIN002,2024-02-27 12:00:00,95.92,TRUCK03,Grace,completed
COL0052,BIN002,2024-02-27 18:00:00,98.65,TRUCK02,Grace,completed
COL0053,BIN002,2024-03-03 06:00:00,95.82,TRUCK02,Paul,completed
COL0054,BIN002,2024-03-03 12:00:00,107.3,TRUCK02,Peter,completed
COL0055,BIN002,2024-03-08 00:00:00,94.5,TRUCK01,Mary,completed
COL0056,BIN002,2024-03-08 06:00:00,97.86,TRUCK01,Emmanuel,completed
COL0057,BIN002,2024-03-12 00:00:00,96.16,TRUCK02,Mary,completed
COL0058,BIN002,2024-03-16 18:00:00,95.63,TRUCK03,Grace,completed
COL0059,BIN002,2024-03-17 00:00:00,99.51,TRUCK01,Peter,completed
COL0060,BIN002,2024-03-21 18:00:00,95.77,TRUCK01,Paul,completed
COL0061,BIN002,2024-03-22 00:00:00,100.67,TRUCK02,Paul,completed
COL0062,BIN002,2024-03-26 00:00:00,96.59,TRUCK01,Grace,completed
COL0063,BIN002,2024-03-26 06:00:00,95.72,TRUCK02,Peter,completed
COL0064,BIN002,2024-03-30 12:00:00,97.08,TRUCK01,Paul,completed
COL0065,BIN003,2024-01-04 12:00:00,126.1,TRUCK03,Grace,completed
COL0066,BIN003,2024-01-07 18:00:00,120.21,TRUCK04,Peter,completed
COL0067,BIN003,2024-01-08 00:00:00,129.85,TRUCK04,Peter,completed
COL0068,BIN003,2024-01-12 06:00:00,120.01,TRUCK03,Paul,completed
COL0069,BIN003,2024-01-15 00:00:00,124.96,TRUCK04,Grace,completed
COL0070,BIN003,2024-01-18 12:00:00,120.59,TRUCK03,Mary,completed
COL0071,BIN003,2024-01-22 06:00:00,121.03,TRUCK03,Grace,completed
COL0072,BIN003,2024-01-26 00:00:00,118.85,TRUCK03,Paul,completed
COL0073,BIN003,2024-01-29 12:00:00,123.47,TRUCK04,Grace,completed
COL0074,BIN003,2024-02-02 18:00:00,124.83,TRUCK01,Grace,completed
COL0075,BIN003,2024-02-05 18:00:00,119.85,TRUCK04,Mary,completed
COL0076,BIN003,2024-02-06 00:00:00,124.12,TRUCK01,Peter,completed
COL0077,BIN003,2024-02-10 00:00:00,129.11,TRUCK02,Mary,completed
COL0078,BIN003,2024-02-13 00:00:00,120.65,TRUCK01,Emmanuel,completed
COL0079,BIN003,2024-02-16 06:00:00,118.61,TRUCK04,Paul,completed
COL0080,BIN003,2024-02-16 12:00:00,125.91,TRUCK02,Grace,completed
COL0081,BIN003,2024-02-19 12:00:00,117.14,TRUCK01,Emmanuel,completed
COL0082,BIN003,2024-02-19 18:00:00,128.79,TRUCK03,Emmanuel,completed
COL0083,BIN003,2024-02-23 12:00:00,125.51,TRUCK01,Mary,completed
COL0084,BIN003,2024-02-26 12:00:00,117.91,TRUCK02,Grace,completed
COL0085,BIN003,2024-02-26 18:00:00,119.95,TRUCK01,Paul,completed
COL0086,BIN003,2024-03-01 12:00:00,128.7,TRUCK04,Emmanuel,completed
COL0087,BIN003,2024-03-05 06:00:00,122.12,TRUCK03,Paul,completed
COL0088,BIN003,2024-03-09 06:00:00,120.13,TRUCK04,Peter,completed
COL0089,BIN003,2024-03-09 12:00:00,129.36,TRUCK01,Peter,completed
COL0090,BIN003,2024-03-12 18:00:00,123.41,TRUCK03,Peter,completed
COL0091,BIN003,2024-03-16 12:00:00,127.6,TRUCK01,Peter,completed
COL0092,BIN003,2024-03-20 06:00:00,117.39,TRUCK01,Mary,completed
COL0093,BIN003,2024-03-20 12:00:00,120.46,TRUCK03,Peter,completed
COL0094,BIN003,2024-03-23 12:00:00,119.29,TRUCK02,Peter,completed
COL0095,BIN003,2024-03-23 18:00:00,124.48,TRUCK04,Paul,completed
COL0096,BIN003,2024-03-26 18:00:00,119.74,TRUCK01,Grace,completed
COL0097,BIN003,2024-03-30 12:00:00,128.5,TRUCK02,Emmanuel,completed
COL0098,BIN004,2024-01-05 00:00:00,81.38,TRUCK04,Emmanuel,completed
COL0099,BIN004,2024-01-08 12:00:00,79.02,TRUCK03,Emmanuel,completed
COL0100,BIN004,2024-01-08 18:00:00,87.44,TRUCK03,Emmanuel,completed
COL0101,BIN004,2024-01-12 18:00:00,78.26,TRUCK04,Mary,completed
COL0102,BIN004,2024-01-13 00:00:00,84.03,TRUCK04,Grace,completed
COL0103,BIN004,2024-01-17 00:00:00,80.93,TRUCK02,Peter,completed
COL0104,BIN004,2024-01-21 00:00:00,82.1,TRUCK01,Emmanuel,completed
COL0105,BIN004,2024-01-25 00:00:00,79.48,TRUCK04,Emmanuel,completed
COL0106,BIN004,2024-01-25 06:00:00,81.75,TRUCK01,Peter,completed
COL0107,BIN004,2024-01-28 12:00:00,78.94,TRUCK03,Grace,completed
COL0108,BIN004,2024-01-28 18:00:00,80.61,TRUCK04,Grace,completed
COL0109,BIN004,2024-02-01 12:00:00,84.65,TRUCK02,Emmanuel,completed
COL0110,BIN004,2024-02-08 12:00:00,79.61,TRUCK04,Mary,completed
COL0111,BIN004,2024-02-08 18:00:00,85.48,TRUCK04,Peter,completed
COL0112,BIN004,2024-02-12 00:00:00,81.41,TRUCK04,Emmanuel,completed
COL0113,BIN004,2024-02-15 18:00:00,81.01,TRUCK01,Emmanuel,completed
COL0114,BIN004,2024-02-18 18:00:00,81.71,TRUCK02,Grace,completed
COL0115,BIN004,2024-02-22 18:00:00,78.22,TRUCK04,Emmanuel,completed
COL0116,BIN004,2024-02-23 00:00:00,82.82,TRUCK04,Paul,completed
COL0117,BIN004,2024-02-26 00:00:00,81.01,TRUCK04,Grace,completed
COL0118,BIN004,2024-02-26 06:00:00,82.89,TRUCK04,Emmanuel,completed
COL0119,BIN004,2024-02-29 12:00:00,78.79,TRUCK01,Paul,completed
COL0120,BIN004,2024-03-03 18:00:00,86.32,TRUCK03,Paul,completed
COL0121,BIN004,2024-03-07 12:00:00,78.0,TRUCK02,Peter,completed
COL0122,BIN004,2024-03-07 18:00:00,83.79,TRUCK01,Emmanuel,completed
COL0123,BIN004,2024-03-11 06:00:00,81.57,TRUCK02,Paul,completed
COL0124,BIN004,2024-03-15 06:00:00,78.17,TRUCK03,Emmanuel,completed
COL0125,BIN004,2024-03-15 12:00:00,83.26,TRUCK01,Paul,completed
COL0126,BIN004,2024-03-18 18:00:00,80.47,TRUCK01,Grace,completed
COL0127,BIN004,2024-03-22 12:00:00,81.96,TRUCK03,Mary,completed
COL0128,BIN004,2024-03-25 18:00:00,81.58,TRUCK03,Grace,completed
COL0129,BIN004,2024-03-26 00:00:00,86.25,TRUCK02,Grace,completed
COL0130,BIN004,2024-03-30 00:00:00,82.82,TRUCK01,Peter,completed
COL0131,BIN005,2024-01-03 00:00:00,64.25,TRUCK04,Paul,completed
COL0132,BIN005,2024-01-03 06:00:00,68.79,TRUCK01,Grace,completed
COL0133,BIN005,2024-01-05 18:00:00,63.42,TRUCK01,Emmanuel,completed
COL0134,BIN005,2024-01-06 00:00:00,64.81,TRUCK01,Grace,completed
COL0135,BIN005,2024-01-10 12:00:00,66.26,TRUCK02,Emmanuel,completed
COL0136,BIN005,2024-01-13 06:00:00,62.44,TRUCK01,Peter,completed
COL0137,BIN005,2024-01-13 12:00:00,73.22,TRUCK04,Grace,completed
COL0138,BIN005,2024-01-15 12:00:00,62.42,TRUCK02,Grace,completed
COL0139,BIN005,2024-01-15 18:00:00,64.35,TRUCK01,Paul,completed
COL0140,BIN005,2024-01-19 12:00:00,64.82,TRUCK04,Emmanuel,completed
COL0141,BIN005,2024-01-22 06:00:00,66.59,TRUCK01,Paul,completed
COL0142,BIN005,2024-01-25 06:00:00,64.69,TRUCK01,Paul,completed
COL0143,BIN005,2024-01-27 18:00:00,67.28,TRUCK02,Mary,completed
COL0144,BIN005,2024-01-30 12:00:00,64.81,TRUCK02,Peter,completed
COL0145,BIN005,2024-02-02 18:00:00,66.69,TRUCK03,Paul,completed
COL0146,BIN005,2024-02-05 12:00:00,66.45,TRUCK04,Mary,completed
COL0147,BIN005,2024-02-08 12:00:00,64.09,TRUCK02,Emmanuel,completed
COL0148,BIN005,2024-02-08 18:00:00,69.46,TRUCK04,Emmanuel,completed
COL0149,BIN005,2024-02-11 12:00:00,64.92,TRUCK03,Grace,completed
COL0150,BIN005,2024-02-11 18:00:00,67.14,TRUCK03,Grace,completed
COL0151,BIN005,2024-02-15 00:00:00,63.87,TRUCK04,Emmanuel,completed
COL0152,BIN005,2024-02-15 06:00:00,68.41,TRUCK03,Paul,completed
COL0153,BIN005,2024-02-18 00:00:00,62.93,TRUCK04,Mary,completed
COL0154,BIN005,2024-02-18 06:00:00,66.86,TRUCK03,Grace,completed
COL0155,BIN005,2024-02-21 00:00:00,62.52,TRUCK02,Emmanuel,completed
COL0156,BIN005,2024-02-21 06:00:00,68.1,TRUCK04,Emmanuel,completed
COL0157,BIN005,2024-02-24 06:00:00,69.86,TRUCK01,Peter,completed
COL0158,BIN005,2024-02-26 12:00:00,64.1,TRUCK02,Grace,completed
COL0159,BIN005,2024-02-26 18:00:00,66.98,TRUCK01,Grace,completed
COL0160,BIN005,2024-02-29 18:00:00,62.8,TRUCK04,Paul,completed
COL0161,BIN005,2024-03-03 18:00:00,67.37,TRUCK04,Mary,completed
COL0162,BIN005,2024-03-10 00:00:00,63.64,TRUCK03,Paul,completed
COL0163,BIN005,2024-03-10 06:00:00,69.05,TRUCK04,Peter,completed
COL0164,BIN005,2024-03-12 18:00:00,63.62,TRUCK02,Mary,completed
COL0165,BIN005,2024-03-15 12:00:00,64.03,TRUCK01,Paul,completed
COL0166,BIN005,2024-03-18 00:00:00,63.74,TRUCK02,Peter,completed
COL0167,BIN005,2024-03-20 18:00:00,64.14,TRUCK03,Paul,completed
COL0168,BIN005,2024-03-21 00:00:00,64.6,TRUCK01,Peter,completed
COL0169,BIN005,2024-03-23 18:00:00,67.95,TRUCK02,Peter,completed
COL0170,BIN005,2024-03-24 00:00:00,71.39,TRUCK02,Mary,completed
COL0171,BIN005,2024-03-27 00:00:00,66.58,TRUCK01,Mary,completed
COL0172,BIN005,2024-03-29 18:00:00,64.9,TRUCK01,Grace,completed
COL0173,BIN005,2024-03-30 00:00:00,70.35,TRUCK04,Mary,completed
COL0174,BIN006,2024-01-03 18:00:00,117.95,TRUCK01,Grace,completed
COL0175,BIN006,2024-01-04 00:00:00,119.83,TRUCK04,Grace,completed
COL0176,BIN006,2024-01-07 06:00:00,122.07,TRUCK03,Peter,completed
COL0177,BIN006,2024-01-11 06:00:00,122.77,TRUCK01,Mary,completed
COL0178,BIN006,2024-01-14 12:00:00,134.08,TRUCK03,Mary,completed
COL0179,BIN006,2024-01-19 00:00:00,123.72,TRUCK01,Peter,completed
COL0180,BIN006,2024-01-23 00:00:00,117.53,TRUCK01,Emmanuel,completed
COL0181,BIN006,2024-01-23 06:00:00,122.71,TRUCK03,Grace,completed
COL0182,BIN006,2024-01-26 12:00:00,123.85,TRUCK04,Peter,completed
COL0183,BIN006,2024-01-29 18:00:00,117.84,TRUCK02,Mary,completed
COL0184,BIN006,2024-01-30 00:00:00,122.81,TRUCK03,Emmanuel,completed
COL0185,BIN006,2024-02-03 00:00:00,125.05,TRUCK04,Grace,completed
COL0186,BIN006,2024-02-06 06:00:00,117.14,TRUCK03,Paul,completed
COL0187,BIN006,2024-02-06 12:00:00,127.01,TRUCK03,Emmanuel,completed
COL0188,BIN006,2024-02-10 06:00:00,127.35,TRUCK01,Emmanuel,completed
COL0189,BIN006,2024-02-13 18:00:00,121.85,TRUCK04,Peter,completed
COL0190,BIN006,2024-02-14 00:00:00,124.29,TRUCK02,Grace,completed
COL0191,BIN006,2024-02-17 12:00:00,123.12,TRUCK01,Paul,completed
COL0192,BIN006,2024-02-21 00:00:00,131.78,TRUCK03,Mary,completed
COL0193,BIN006,2024-02-24 12:00:00,119.72,TRUCK04,Mary,completed
COL0194,BIN006,2024-02-24 18:00:00,126.69,TRUCK02,Grace,completed
COL0195,BIN006,2024-02-28 06:00:00,117.01,TRUCK02,Mary,completed
COL0196,BIN006,2024-02-28 12:00:00,127.68,TRUCK04,Peter,completed
COL0197,BIN006,2024-03-03 12:00:00,121.07,TRUCK02,Mary,completed
COL0198,BIN006,2024-03-07 06:00:00,118.14,TRUCK02,Peter,completed
COL0199,BIN006,2024-03-07 12:00:00,125.6,TRUCK02,Mary,completed
COL0200,BIN006,2024-03-10 12:00:00,122.07,TRUCK04,Mary,completed
COL0201,BIN006,2024-03-14 12:00:00,118.05,TRUCK04,Emmanuel,completed
COL0202,BIN006,2024-03-14 18:00:00,130.68,TRUCK01,Grace,completed
COL0203,BIN006,2024-03-21 00:00:00,118.4,TRUCK04,Grace,completed
COL0204,BIN006,2024-03-21 06:00:00,121.9,TRUCK02,Peter,completed
COL0205,BIN006,2024-03-24 12:00:00,129.25,TRUCK01,Peter,completed
COL0206,BIN006,2024-03-28 18:00:00,123.82,TRUCK02,Grace,completed
COL0207,BIN007,2024-01-04 12:00:00,79.96,TRUCK04,Grace,completed
COL0208,BIN007,2024-01-07 18:00:00,79.88,TRUCK03,Peter,completed
COL0209,BIN007,2024-01-08 00:00:00,80.24,TRUCK01,Grace,completed
COL0210,BIN007,2024-01-11 18:00:00,79.07,TRUCK04,Mary,completed
COL0211,BIN007,2024-01-15 06:00:00,84.23,TRUCK01,Peter,completed
COL0212,BIN007,2024-01-18 12:00:00,78.77,TRUCK01,Mary,completed
COL0213,BIN007,2024-01-18 18:00:00,80.18,TRUCK03,Peter,completed
COL0214,BIN007,2024-01-22 06:00:00,78.5,TRUCK03,Peter,completed
COL0215,BIN007,2024-01-26 00:00:00,79.64,TRUCK01,Peter,completed
COL0216,BIN007,2024-01-29 06:00:00,79.6,TRUCK02,Peter,completed
COL0217,BIN007,2024-01-29 12:00:00,82.37,TRUCK02,Peter,completed
COL0218,BIN007,2024-02-02 06:00:00,78.03,TRUCK02,Grace,completed
COL0219,BIN007,2024-02-02 12:00:00,87.61,TRUCK02,Grace,completed
COL0220,BIN007,2024-02-05 18:00:00,80.92,TRUCK04,Grace,completed
COL0221,BIN007,2024-02-09 18:00:00,79.6,TRUCK01,Peter,completed
COL0222,BIN007,2024-02-10 00:00:00,83.86,TRUCK03,Paul,completed
COL0223,BIN007,2024-02-13 06:00:00,78.51,TRUCK02,Emmanuel,completed
COL0224,BIN007,2024-02-13 12:00:00,86.0,TRUCK02,Peter,completed
COL0225,BIN007,2024-02-17 12:00:00,85.97,TRUCK03,Mary,completed
COL0226,BIN007,2024-02-21 00:00:00,83.52,TRUCK03,Paul,completed
COL0227,BIN007,2024-02-24 18:00:00,79.65,TRUCK03,Paul,completed
COL0228,BIN007,2024-02-28 06:00:00,82.8,TRUCK01,Mary,completed
COL0229,BIN007,2024-03-02 18:00:00,80.82,TRUCK04,Emmanuel,completed
COL0230,BIN007,2024-03-03 00:00:00,83.89,TRUCK01,Grace,completed
COL0231,BIN007,2024-03-07 00:00:00,81.39,TRUCK02,Peter,completed
COL0232,BIN007,2024-03-10 12:00:00,82.92,TRUCK02,Peter,completed
COL0233,BIN007,2024-03-14 12:00:00,79.1,TRUCK01,Grace,completed
COL0234,BIN007,2024-03-14 18:00:00,80.17,TRUCK01,Paul,completed
COL0235,BIN007,2024-03-17 18:00:00,85.12,TRUCK03,Grace,completed
COL0236,BIN007,2024-03-21 06:00:00,82.31,TRUCK02,Peter,completed
COL0237,BIN007,2024-03-24 06:00:00,80.44,TRUCK04,Grace,completed
COL0238,BIN007,2024-03-27 18:00:00,84.99,TRUCK01,Grace,completed
COL0239,BIN007,2024-03-30 18:00:00,78.44,TRUCK01,Grace,completed
COL0240,BIN008,2024-01-03 00:00:00,65.18,TRUCK01,Emmanuel,completed
COL0241,BIN008,2024-01-06 00:00:00,67.89,TRUCK03,Mary,completed
COL0242,BIN008,2024-01-08 18:00:00,62.8,TRUCK02,Paul,completed
COL0243,BIN008,2024-01-11 06:00:00,64.0,TRUCK03,Paul,completed
COL0244,BIN008,2024-01-11 12:00:00,70.79,TRUCK04,Grace,completed
COL0245,BIN008,2024-01-14 12:00:00,70.19,TRUCK03,Peter,completed
COL0246,BIN008,2024-01-17 06:00:00,66.74,TRUCK01,Grace,completed
COL0247,BIN008,2024-01-20 06:00:00,65.04,TRUCK02,Paul,completed
COL0248,BIN008,2024-01-22 06:00:00,63.7,TRUCK03,Paul,completed
COL0249,BIN008,2024-01-25 18:00:00,67.36,TRUCK04,Mary,completed
COL0250,BIN008,2024-01-28 12:00:00,68.77,TRUCK01,Grace,completed
COL0251,BIN008,2024-01-31 12:00:00,64.96,TRUCK03,Emmanuel,completed
COL0252,BIN008,2024-02-03 18:00:00,65.44,TRUCK01,Grace,completed
COL0253,BIN008,2024-02-07 12:00:00,70.11,TRUCK04,Grace,completed
COL0254,BIN008,2024-02-10 06:00:00,64.47,TRUCK03,Grace,completed
COL0255,BIN008,2024-02-10 12:00:00,75.18,TRUCK03,Grace,completed
COL0256,BIN008,2024-02-13 06:00:00,63.48,TRUCK02,Grace,completed
COL0257,BIN008,2024-02-13 12:00:00,65.89,TRUCK01,Grace,completed
COL0258,BIN008,2024-02-16 06:00:00,63.61,TRUCK02,Mary,completed
COL0259,BIN008,2024-02-18 12:00:00,63.69,TRUCK03,Grace,completed
COL0260,BIN008,2024-02-18 18:00:00,65.86,TRUCK01,Grace,completed
COL0261,BIN008,2024-02-22 00:00:00,63.0,TRUCK02,Paul,completed
COL0262,BIN008,2024-02-24 12:00:00,62.91,TRUCK03,Peter,completed
COL0263,BIN008,2024-02-24 18:00:00,69.29,TRUCK01,Grace,completed
COL0264,BIN008,2024-02-27 06:00:00,65.27,TRUCK03,Mary,completed
COL0265,BIN008,2024-02-27 12:00:00,64.9,TRUCK01,Paul,completed
COL0266,BIN008,2024-03-01 12:00:00,62.92,TRUCK03,Paul,completed
COL0267,BIN008,2024-03-01 18:00:00,64.29,TRUCK03,Mary,completed
COL0268,BIN008,2024-03-03 12:00:00,63.57,TRUCK04,Grace,completed
COL0269,BIN008,2024-03-03 18:00:00,74.79,TRUCK02,Grace,completed
COL0270,BIN008,2024-03-06 18:00:00,66.13,TRUCK01,Peter,completed
COL0271,BIN008,2024-03-09 12:00:00,66.08,TRUCK01,Peter,completed
COL0272,BIN008,2024-03-12 06:00:00,63.59,TRUCK04,Grace,completed
COL0273,BIN008,2024-03-15 00:00:00,66.22,TRUCK02,Mary,completed
COL0274,BIN008,2024-03-17 18:00:00,68.63,TRUCK03,Emmanuel,completed
COL0275,BIN008,2024-03-20 18:00:00,63.85,TRUCK01,Mary,completed
COL0276,BIN008,2024-03-21 00:00:00,67.64,TRUCK01,Grace,completed
COL0277,BIN008,2024-03-23 12:00:00,63.77,TRUCK01,Grace,completed
COL0278,BIN008,2024-03-23 18:00:00,68.26,TRUCK01,Mary,completed
COL0279,BIN008,2024-03-26 12:00:00,66.07,TRUCK03,Paul,completed
COL0280,BIN008,2024-03-29 12:00:00,65.32,TRUCK04,Grace,completed
COL0281,BIN008,2024-03-29 18:00:00,64.49,TRUCK01,Mary,completed
COL0282,BIN009,2024-01-03 00:00:00,65.85,TRUCK03,Peter,completed
COL0283,BIN009,2024-01-06 00:00:00,68.06,TRUCK03,Peter,completed
COL0284,BIN009,2024-01-08 12:00:00,69.45,TRUCK03,Paul,completed
COL0285,BIN009,2024-01-14 18:00:00,70.78,TRUCK03,Paul,completed
COL0286,BIN009,2024-01-17 12:00:00,62.71,TRUCK04,Mary,completed
COL0287,BIN009,2024-01-17 18:00:00,65.27,TRUCK01,Grace,completed
COL0288,BIN009,2024-01-20 12:00:00,64.63,TRUCK01,Grace,completed
COL0289,BIN009,2024-01-20 18:00:00,66.56,TRUCK02,Paul,completed
COL0290,BIN009,2024-01-23 18:00:00,62.48,TRUCK04,Grace,completed
COL0291,BIN009,2024-01-24 00:00:00,67.85,TRUCK04,Emmanuel,completed
COL0292,BIN009,2024-01-27 06:00:00,63.78,TRUCK01,Mary,completed
COL0293,BIN009,2024-01-30 06:00:00,65.73,TRUCK03,Peter,completed
COL0294,BIN009,2024-02-02 06:00:00,63.52,TRUCK04,Emmanuel,completed
COL0295,BIN009,2024-02-04 12:00:00,67.4,TRUCK04,Paul,completed
COL0296,BIN009,2024-02-07 12:00:00,65.87,TRUCK02,Paul,completed
COL0297,BIN009,2024-02-07 18:00:00,65.08,TRUCK02,Paul,completed
COL0298,BIN009,2024-02-10 18:00:00,68.93,TRUCK03,Paul,completed
COL0299,BIN009,2024-02-14 12:00:00,69.13,TRUCK02,Mary,completed
COL0300,BIN009,2024-02-17 12:00:00,69.39,TRUCK03,Grace,completed
COL0301,BIN009,2024-02-19 18:00:00,68.15,TRUCK02,Emmanuel,completed
COL0302,BIN009,2024-02-22 18:00:00,65.86,TRUCK02,Grace,completed
COL0303,BIN009,2024-02-25 00:00:00,64.43,TRUCK03,Peter,completed
COL0304,BIN009,2024-02-27 12:00:00,62.96,TRUCK03,Mary,completed
COL0305,BIN009,2024-02-27 18:00:00,65.99,TRUCK01,Grace,completed
COL0306,BIN009,2024-03-04 18:00:00,69.66,TRUCK04,Paul,completed
COL0307,BIN009,2024-03-07 18:00:00,69.43,TRUCK04,Emmanuel,completed
COL0308,BIN009,2024-03-10 12:00:00,62.85,TRUCK02,Paul,completed
COL0309,BIN009,2024-03-10 18:00:00,72.24,TRUCK01,Mary,completed
COL0310,BIN009,2024-03-13 18:00:00,65.27,TRUCK04,Paul,completed
COL0311,BIN009,2024-03-20 06:00:00,65.9,TRUCK04,Peter,completed
COL0312,BIN009,2024-03-23 06:00:00,66.4,TRUCK03,Grace,completed
COL0313,BIN009,2024-03-23 12:00:00,66.01,TRUCK03,Emmanuel,completed
COL0314,BIN009,2024-03-28 18:00:00,64.15,TRUCK01,Grace,completed
COL0315,BIN009,2024-03-29 00:00:00,71.65,TRUCK02,Paul,completed
COL0316,BIN010,2024-01-05 12:00:00,102.38,TRUCK02,Mary,completed
COL0317,BIN010,2024-01-09 18:00:00,94.73,TRUCK04,Emmanuel,completed
COL0318,BIN010,2024-01-10 00:00:00,97.85,TRUCK03,Peter,completed
COL0319,BIN010,2024-01-14 12:00:00,98.95,TRUCK02,Emmanuel,completed
COL0320,BIN010,2024-01-19 00:00:00,93.81,TRUCK01,Paul,completed
COL0321,BIN010,2024-01-19 06:00:00,98.56,TRUCK01,Mary,completed
COL0322,BIN010,2024-01-23 12:00:00,100.85,TRUCK04,Emmanuel,completed
COL0323,BIN010,2024-01-28 06:00:00,96.62,TRUCK04,Mary,completed
COL0324,BIN010,2024-02-02 06:00:00,97.16,TRUCK02,Paul,completed
COL0325,BIN010,2024-02-02 12:00:00,99.75,TRUCK03,Mary,completed
COL0326,BIN010,2024-02-07 00:00:00,98.5,TRUCK02,Peter,completed
COL0327,BIN010,2024-02-11 06:00:00,93.69,TRUCK03,Emmanuel,completed
COL0328,BIN010,2024-02-11 12:00:00,100.66,TRUCK03,Grace,completed
COL0329,BIN010,2024-02-15 18:00:00,97.5,TRUCK03,Mary,completed
COL0330,BIN010,2024-02-19 18:00:00,94.85,TRUCK02,Mary,completed
COL0331,BIN010,2024-02-20 00:00:00,102.51,TRUCK04,Mary,completed
COL0332,BIN010,2024-02-24 12:00:00,96.35,TRUCK01,Peter,completed
COL0333,BIN010,2024-02-28 12:00:00,94.3,TRUCK02,Peter,completed
COL0334,BIN010,2024-02-28 18:00:00,101.13,TRUCK01,Paul,completed
COL0335,BIN010,2024-03-04 00:00:00,95.52,TRUCK01,Grace,completed
COL0336,BIN010,2024-03-04 06:00:00,99.7,TRUCK04,Emmanuel,completed
COL0337,BIN010,2024-03-09 00:00:00,96.03,TRUCK04,Peter,completed
COL0338,BIN010,2024-03-13 12:00:00,97.54,TRUCK04,Mary,completed
COL0339,BIN010,2024-03-13 18:00:00,101.66,TRUCK03,Mary,completed
COL0340,BIN010,2024-03-18 06:00:00,98.92,TRUCK04,Peter,completed
COL0341,BIN010,2024-03-23 00:00:00,93.6,TRUCK03,Grace,completed
COL0342,BIN010,2024-03-23 06:00:00,101.29,TRUCK01,Emmanuel,completed
COL0343,BIN010,2024-03-27 00:00:00,94.47,TRUCK02,Paul,completed
COL0344,BIN010,2024-03-27 06:00:00,98.2,TRUCK02,Mary,completed
COL0345,BIN011,2024-01-04 12:00:00,119.31,TRUCK01,Grace,completed
COL0346,BIN011,2024-01-08 00:00:00,121.81,TRUCK01,Paul,completed
COL0347,BIN011,2024-01-12 12:00:00,121.38,TRUCK02,Peter,completed
COL0348,BIN011,2024-01-15 18:00:00,119.06,TRUCK02,Grace,completed
COL0349,BIN011,2024-01-16 00:00:00,125.78,TRUCK04,Mary,completed
COL0350,BIN011,2024-01-19 18:00:00,122.61,TRUCK04,Grace,completed
COL0351,BIN011,2024-01-23 12:00:00,124.86,TRUCK01,Emmanuel,completed
COL0352,BIN011,2024-01-27 06:00:00,124.41,TRUCK02,Paul,completed
COL0353,BIN011,2024-01-31 00:00:00,123.76,TRUCK03,Grace,completed
COL0354,BIN011,2024-02-03 18:00:00,118.83,TRUCK02,Paul,completed
COL0355,BIN011,2024-02-04 00:00:00,128.35,TRUCK04,Emmanuel,completed
COL0356,BIN011,2024-02-07 06:00:00,117.13,TRUCK01,Grace,completed
COL0357,BIN011,2024-02-07 12:00:00,123.72,TRUCK04,Grace,completed
COL0358,BIN011,2024-02-11 18:00:00,124.47,TRUCK04,Grace,completed
COL0359,BIN011,2024-02-15 06:00:00,117.55,TRUCK01,Paul,completed
COL0360,BIN011,2024-02-15 12:00:00,132.03,TRUCK02,Emmanuel,completed
COL0361,BIN011,2024-02-18 18:00:00,121.28,TRUCK04,Paul,completed
COL0362,BIN011,2024-02-22 12:00:00,123.42,TRUCK02,Emmanuel,completed
COL0363,BIN011,2024-02-25 12:00:00,123.96,TRUCK03,Paul,completed
COL0364,BIN011,2024-02-29 06:00:00,122.46,TRUCK02,Grace,completed
COL0365,BIN011,2024-03-03 12:00:00,119.58,TRUCK02,Peter,completed
COL0366,BIN011,2024-03-07 06:00:00,117.13,TRUCK02,Grace,completed
COL0367,BIN011,2024-03-07 12:00:00,125.12,TRUCK01,Mary,completed
COL0368,BIN011,2024-03-10 18:00:00,119.28,TRUCK04,Peter,completed
COL0369,BIN011,2024-03-11 00:00:00,127.18,TRUCK04,Paul,completed
COL0370,BIN011,2024-03-14 18:00:00,118.0,TRUCK02,Mary,completed
COL0371,BIN011,2024-03-15 00:00:00,122.51,TRUCK01,Emmanuel,completed
COL0372,BIN011,2024-03-17 18:00:00,120.76,TRUCK01,Mary,completed
COL0373,BIN011,2024-03-21 12:00:00,126.75,TRUCK04,Emmanuel,completed
COL0374,BIN011,2024-03-24 18:00:00,121.55,TRUCK02,Emmanuel,completed
COL0375,BIN011,2024-03-28 18:00:00,118.81,TRUCK04,Paul,completed
COL0376,BIN011,2024-03-29 00:00:00,130.89,TRUCK02,Emmanuel,completed
COL0377,BIN012,2024-01-03 12:00:00,63.83,TRUCK01,Paul,completed
COL0378,BIN012,2024-01-03 18:00:00,69.58,TRUCK03,Peter,completed
COL0379,BIN012,2024-01-07 00:00:00,65.5,TRUCK04,Peter,completed
COL0380,BIN012,2024-01-09 12:00:00,67.19,TRUCK04,Paul,completed
COL0381,BIN012,2024-01-12 06:00:00,67.03,TRUCK04,Grace,completed
COL0382,BIN012,2024-01-14 12:00:00,68.5,TRUCK01,Mary,completed
COL0383,BIN012,2024-01-17 00:00:00,64.78,TRUCK01,Mary,completed
COL0384,BIN012,2024-01-19 18:00:00,64.88,TRUCK02,Grace,completed
COL0385,BIN012,2024-01-20 00:00:00,64.03,TRUCK02,Grace,completed
COL0386,BIN012,2024-01-22 18:00:00,67.0,TRUCK02,Emmanuel,completed
COL0387,BIN012,2024-01-23 00:00:00,64.34,TRUCK03,Mary,completed
COL0388,BIN012,2024-01-26 00:00:00,62.4,TRUCK03,Peter,completed
COL0389,BIN012,2024-01-26 06:00:00,68.89,TRUCK03,Peter,completed
COL0390,BIN012,2024-01-28 12:00:00,67.53,TRUCK02,Peter,completed
COL0391,BIN012,2024-01-31 00:00:00,62.39,TRUCK01,Grace,completed
COL0392,BIN012,2024-01-31 06:00:00,64.28,TRUCK02,Emmanuel,completed
COL0393,BIN012,2024-02-03 06:00:00,63.66,TRUCK01,Grace,completed
COL0394,BIN012,2024-02-03 12:00:00,71.5,TRUCK02,Paul,completed
COL0395,BIN012,2024-02-06 12:00:00,68.08,TRUCK02,Peter,completed
COL0396,BIN012,2024-02-09 18:00:00,68.33,TRUCK02,Mary,completed
COL0397,BIN012,2024-02-12 00:00:00,63.42,TRUCK02,Grace,completed
COL0398,BIN012,2024-02-12 06:00:00,64.93,TRUCK02,Grace,completed
COL0399,BIN012,2024-02-14 18:00:00,64.34,TRUCK03,Peter,completed
COL0400,BIN012,2024-02-17 18:00:00,66.72,TRUCK04,Peter,completed
COL0401,BIN012,2024-02-21 00:00:00,68.97,TRUCK01,Grace,completed
COL0402,BIN012,2024-02-24 06:00:00,65.18,TRUCK03,Emmanuel,completed
COL0403,BIN012,2024-02-27 06:00:00,65.44,TRUCK04,Paul,completed
COL0404,BIN012,2024-03-01 00:00:00,64.36,TRUCK03,Emmanuel,completed
COL0405,BIN012,2024-03-01 06:00:00,65.63,TRUCK03,Emmanuel,completed
COL0406,BIN012,2024-03-03 12:00:00,69.0,TRUCK03,Peter,completed
COL0407,BIN012,2024-03-06 06:00:00,63.66,TRUCK02,Peter,completed
COL0408,BIN012,2024-03-09 00:00:00,62.5,TRUCK03,Peter,completed
COL0409,BIN012,2024-03-09 06:00:00,67.29,TRUCK02,Emmanuel,completed
COL0410,BIN012,2024-03-12 06:00:00,70.7,TRUCK01,Paul,completed
COL0411,BIN012,2024-03-15 12:00:00,67.84,TRUCK01,Mary,completed
COL0412,BIN012,2024-03-18 12:00:00,65.28,TRUCK04,Mary,completed
COL0413,BIN012,2024-03-21 18:00:00,67.91,TRUCK01,Mary,completed
COL0414,BIN012,2024-03-24 06:00:00,66.34,TRUCK03,Grace,completed
COL0415,BIN012,2024-03-27 06:00:00,66.53,TRUCK01,Peter,completed
COL0416,BIN012,2024-03-29 18:00:00,63.79,TRUCK03,Mary,completed
COL0417,BIN012,2024-03-30 00:00:00,65.21,TRUCK03,Mary,completed
COL0418,BIN013,2024-01-02 18:00:00,63.66,TRUCK02,Grace,completed
COL0419,BIN013,2024-01-03 00:00:00,67.02,TRUCK01,Peter,completed
COL0420,BIN013,2024-01-06 06:00:00,66.46,TRUCK04,Mary,completed
COL0421,BIN013,2024-01-09 06:00:00,67.08,TRUCK04,Peter,completed
COL0422,BIN013,2024-01-12 18:00:00,67.21,TRUCK01,Grace,completed
COL0423,BIN013,2024-01-15 06:00:00,62.72,TRUCK01,Emmanuel,completed
COL0424,BIN013,2024-01-15 12:00:00,67.91,TRUCK03,Peter,completed
COL0425,BIN013,2024-01-18 18:00:00,64.12,TRUCK04,Grace,completed
COL0426,BIN013,2024-01-21 12:00:00,71.37,TRUCK02,Emmanuel,completed
COL0427,BIN013,2024-01-24 18:00:00,67.55,TRUCK03,Paul,completed
COL0428,BIN013,2024-01-27 06:00:00,62.38,TRUCK01,Grace,completed
COL0429,BIN013,2024-01-27 12:00:00,70.91,TRUCK02,Mary,completed
COL0430,BIN013,2024-01-30 12:00:00,67.85,TRUCK01,Mary,completed
COL0431,BIN013,2024-02-02 06:00:00,65.23,TRUCK04,Paul,completed
COL0432,BIN013,2024-02-02 12:00:00,69.08,TRUCK04,Peter,completed
COL0433,BIN013,2024-02-04 12:00:00,63.14,TRUCK02,Peter,completed
COL0434,BIN013,2024-02-04 18:00:00,66.21,TRUCK01,Emmanuel,completed
COL0435,BIN013,2024-02-07 12:00:00,65.07,TRUCK01,Mary,completed
COL0436,BIN013,2024-02-07 18:00:00,64.13,TRUCK04,Peter,completed
COL0437,BIN013,2024-02-10 00:00:00,62.36,TRUCK01,Paul,completed
COL0438,BIN013,2024-02-10 06:00:00,64.16,TRUCK03,Grace,completed
COL0439,BIN013,2024-02-12 12:00:00,66.97,TRUCK03,Peter,completed
COL0440,BIN013,2024-02-16 00:00:00,64.29,TRUCK03,Peter,completed
COL0441,BIN013,2024-02-16 06:00:00,63.51,TRUCK03,Emmanuel,completed
COL0442,BIN013,2024-02-18 12:00:00,65.31,TRUCK02,Grace,completed
COL0443,BIN013,2024-02-21 12:00:00,63.3,TRUCK04,Mary,completed
COL0444,BIN013,2024-02-21 18:00:00,72.19,TRUCK04,Grace,completed
COL0445,BIN013,2024-02-24 12:00:00,68.45,TRUCK03,Grace,completed
COL0446,BIN013,2024-02-26 18:00:00,62.87,TRUCK03,Emmanuel,completed
COL0447,BIN013,2024-02-29 18:00:00,70.23,TRUCK04,Peter,completed
COL0448,BIN013,2024-03-03 12:00:00,63.87,TRUCK01,Grace,completed
COL0449,BIN013,2024-03-06 12:00:00,62.89,TRUCK02,Mary,completed
COL0450,BIN013,2024-03-09 06:00:00,67.28,TRUCK03,Peter,completed
COL0451,BIN013,2024-03-11 18:00:00,65.76,TRUCK01,Peter,completed
COL0452,BIN013,2024-03-14 18:00:00,62.71,TRUCK04,Emmanuel,completed
COL0453,BIN013,2024-03-15 00:00:00,67.48,TRUCK03,Grace,completed
COL0454,BIN013,2024-03-17 12:00:00,68.93,TRUCK03,Peter,completed
COL0455,BIN013,2024-03-20 06:00:00,62.47,TRUCK03,Mary,completed
COL0456,BIN013,2024-03-23 06:00:00,69.7,TRUCK02,Mary,completed
COL0457,BIN013,2024-03-25 12:00:00,64.82,TRUCK02,Mary,completed
COL0458,BIN014,2024-01-04 00:00:00,78.77,TRUCK04,Peter,completed
COL0459,BIN014,2024-01-04 06:00:00,79.8,TRUCK02,Paul,completed
COL0460,BIN014,2024-01-07 18:00:00,87.09,TRUCK02,Peter,completed
COL0461,BIN014,2024-01-11 06:00:00,80.63,TRUCK04,Mary,completed
COL0462,BIN014,2024-01-14 12:00:00,80.6,TRUCK04,Grace,completed
COL0463,BIN014,2024-01-14 18:00:00,84.02,TRUCK03,Paul,completed
COL0464,BIN014,2024-01-18 18:00:00,84.54,TRUCK04,Grace,completed
COL0465,BIN014,2024-01-22 06:00:00,80.41,TRUCK01,Emmanuel,completed
COL0466,BIN014,2024-01-22 12:00:00,85.17,TRUCK03,Mary,completed
COL0467,BIN014,2024-01-26 12:00:00,87.09,TRUCK01,Mary,completed
COL0468,BIN014,2024-01-29 12:00:00,80.16,TRUCK03,Peter,completed
COL0469,BIN014,2024-01-29 18:00:00,82.56,TRUCK01,Peter,completed
COL0470,BIN014,2024-02-02 06:00:00,78.8,TRUCK02,Peter,completed
COL0471,BIN014,2024-02-02 12:00:00,83.69,TRUCK03,Paul,completed
COL0472,BIN014,2024-02-05 18:00:00,84.49,TRUCK02,Emmanuel,completed
COL0473,BIN014,2024-02-09 12:00:00,83.83,TRUCK03,Peter,completed
COL0474,BIN014,2024-02-13 00:00:00,78.29,TRUCK01,Mary,completed
COL0475,BIN014,2024-02-13 06:00:00,83.88,TRUCK02,Emmanuel,completed
COL0476,BIN014,2024-02-17 00:00:00,83.94,TRUCK01,Emmanuel,completed
COL0477,BIN014,2024-02-20 12:00:00,78.56,TRUCK03,Mary,completed
COL0478,BIN014,2024-02-20 18:00:00,83.14,TRUCK02,Grace,completed
COL0479,BIN014,2024-02-24 06:00:00,78.39,TRUCK02,Grace,completed
COL0480,BIN014,2024-02-24 12:00:00,81.02,TRUCK04,Peter,completed
COL0481,BIN014,2024-02-27 18:00:00,79.71,TRUCK03,Grace,completed
COL0482,BIN014,2024-02-28 00:00:00,85.14,TRUCK04,Peter,completed
COL0483,BIN014,2024-03-02 18:00:00,82.18,TRUCK02,Peter,completed
COL0484,BIN014,2024-03-05 18:00:00,78.95,TRUCK01,Paul,completed
COL0485,BIN014,2024-03-06 00:00:00,81.6,TRUCK03,Mary,completed
COL0486,BIN014,2024-03-09 12:00:00,78.03,TRUCK04,Grace,completed
COL0487,BIN014,2024-03-09 18:00:00,84.8,TRUCK02,Mary,completed
COL0488,BIN014,2024-03-12 18:00:00,81.83,TRUCK04,Peter,completed
COL0489,BIN014,2024-03-16 12:00:00,80.49,TRUCK01,Emmanuel,completed
COL0490,BIN014,2024-03-19 12:00:00,81.15,TRUCK04,Paul,completed
COL0491,BIN014,2024-03-19 18:00:00,85.45,TRUCK04,Grace,completed
COL0492,BIN014,2024-03-23 18:00:00,83.56,TRUCK04,Paul,completed
COL0493,BIN014,2024-03-28 00:00:00,78.56,TRUCK03,Paul,completed
COL0494,BIN014,2024-03-28 06:00:00,82.93,TRUCK02,Paul,completed
COL0495,BIN015,2024-01-03 00:00:00,95.27,TRUCK01,Peter,completed
COL0496,BIN015,2024-01-03 06:00:00,98.53,TRUCK03,Emmanuel,completed
COL0497,BIN015,2024-01-06 06:00:00,102.08,TRUCK01,Paul,completed
COL0498,BIN015,2024-01-08 00:00:00,96.25,TRUCK04,Mary,completed
COL0499,BIN015,2024-01-10 12:00:00,94.09,TRUCK01,Mary,completed
COL0500,BIN015,2024-01-10 18:00:00,98.06,TRUCK03,Paul,completed
COL0501,BIN015,2024-01-13 12:00:00,99.31,TRUCK03,Peter,completed
COL0502,BIN015,2024-01-16 06:00:00,96.86,TRUCK02,Paul,completed
COL0503,BIN015,2024-01-18 18:00:00,96.96,TRUCK04,Emmanuel,completed
COL0504,BIN015,2024-01-21 12:00:00,101.34,TRUCK04,Mary,completed
COL0505,BIN015,2024-01-24 12:00:00,107.57,TRUCK02,Paul,completed
COL0506,BIN015,2024-01-27 00:00:00,100.35,TRUCK03,Peter,completed
COL0507,BIN015,2024-01-29 12:00:00,97.42,TRUCK03,Paul,completed
COL0508,BIN015,2024-02-01 18:00:00,94.75,TRUCK02,Emmanuel,completed
COL0509,BIN015,2024-02-02 00:00:00,98.07,TRUCK03,Emmanuel,completed
COL0510,BIN015,2024-02-04 12:00:00,104.04,TRUCK02,Grace,completed
COL0511,BIN015,2024-02-07 06:00:00,98.46,TRUCK01,Mary,completed
COL0512,BIN015,2024-02-10 12:00:00,105.79,TRUCK03,Emmanuel,completed
COL0513,BIN015,2024-02-13 00:00:00,98.9,TRUCK01,Paul,completed
COL0514,BIN015,2024-02-16 00:00:00,94.13,TRUCK03,Peter,completed
COL0515,BIN015,2024-02-16 06:00:00,100.34,TRUCK04,Emmanuel,completed
COL0516,BIN015,2024-02-18 12:00:00,106.36,TRUCK02,Grace,completed
COL0517,BIN015,2024-02-21 06:00:00,94.05,TRUCK02,Peter,completed
COL0518,BIN015,2024-02-21 12:00:00,102.38,TRUCK04,Paul,completed
COL0519,BIN015,2024-02-24 12:00:00,100.56,TRUCK02,Emmanuel,completed
COL0520,BIN015,2024-02-27 00:00:00,98.52,TRUCK04,Emmanuel,completed
COL0521,BIN015,2024-02-29 18:00:00,98.68,TRUCK02,Grace,completed
COL0522,BIN015,2024-03-03 12:00:00,101.77,TRUCK04,Peter,completed
COL0523,BIN015,2024-03-06 06:00:00,98.94,TRUCK04,Emmanuel,completed
COL0524,BIN015,2024-03-09 06:00:00,100.36,TRUCK03,Peter,completed
COL0525,BIN015,2024-03-11 12:00:00,96.97,TRUCK01,Mary,completed
COL0526,BIN015,2024-03-11 18:00:00,105.17,TRUCK04,Mary,completed
COL0527,BIN015,2024-03-15 06:00:00,97.11,TRUCK01,Mary,completed
COL0528,BIN015,2024-03-17 18:00:00,109.01,TRUCK02,Paul,completed
COL0529,BIN015,2024-03-21 00:00:00,94.42,TRUCK01,Grace,completed
COL0530,BIN015,2024-03-21 06:00:00,102.72,TRUCK01,Mary,completed
COL0531,BIN015,2024-03-23 18:00:00,95.45,TRUCK01,Mary,completed
COL0532,BIN015,2024-03-26 12:00:00,99.88,TRUCK02,Grace,completed
COL0533,BIN015,2024-03-29 18:00:00,102.98,TRUCK01,Grace,completed
COL0534,BIN016,2024-01-04 12:00:00,78.5,TRUCK03,Paul,completed
COL0535,BIN016,2024-01-04 18:00:00,83.09,TRUCK03,Peter,completed
COL0536,BIN016,2024-01-08 06:00:00,78.8,TRUCK04,Emmanuel,completed
COL0537,BIN016,2024-01-08 12:00:00,85.31,TRUCK02,Paul,completed
COL0538,BIN016,2024-01-12 06:00:00,79.65,TRUCK03,Emmanuel,completed
COL0539,BIN016,2024-01-12 12:00:00,83.46,TRUCK02,Emmanuel,completed
COL0540,BIN016,2024-01-16 00:00:00,81.21,TRUCK01,Grace,completed
COL0541,BIN016,2024-01-16 06:00:00,81.53,TRUCK01,Paul,completed
COL0542,BIN016,2024-01-19 18:00:00,78.15,TRUCK03,Mary,completed
COL0543,BIN016,2024-01-20 00:00:00,86.78,TRUCK01,Peter,completed
COL0544,BIN016,2024-01-23 18:00:00,80.72,TRUCK03,Grace,completed
COL0545,BIN016,2024-01-27 12:00:00,82.53,TRUCK04,Paul,completed
COL0546,BIN016,2024-01-31 00:00:00,78.48,TRUCK02,Mary,completed
COL0547,BIN016,2024-01-31 06:00:00,83.31,TRUCK03,Emmanuel,completed
COL0548,BIN016,2024-02-03 06:00:00,79.09,TRUCK04,Mary,completed
COL0549,BIN016,2024-02-03 12:00:00,85.73,TRUCK02,Paul,completed
COL0550,BIN016,2024-02-07 06:00:00,79.1,TRUCK04,Grace,completed
COL0551,BIN016,2024-02-07 12:00:00,85.21,TRUCK04,Emmanuel,completed
COL0552,BIN016,2024-02-10 18:00:00,78.4,TRUCK03,Paul,completed
COL0553,BIN016,2024-02-11 00:00:00,82.75,TRUCK03,Grace,completed
COL0554,BIN016,2024-02-14 12:00:00,84.54,TRUCK04,Peter,completed
COL0555,BIN016,2024-02-17 12:00:00,78.69,TRUCK02,Peter,completed
COL0556,BIN016,2024-02-17 18:00:00,84.95,TRUCK02,Mary,completed
COL0557,BIN016,2024-02-21 00:00:00,79.59,TRUCK03,Mary,completed
COL0558,BIN016,2024-02-21 06:00:00,82.5,TRUCK01,Grace,completed
COL0559,BIN016,2024-02-25 06:00:00,81.51,TRUCK04,Mary,completed
COL0560,BIN016,2024-02-28 18:00:00,78.39,TRUCK03,Emmanuel,completed
COL0561,BIN016,2024-02-29 00:00:00,83.28,TRUCK01,Grace,completed
COL0562,BIN016,2024-03-03 12:00:00,81.55,TRUCK04,Paul,completed
COL0563,BIN016,2024-03-07 18:00:00,79.63,TRUCK03,Grace,completed
COL0564,BIN016,2024-03-08 00:00:00,83.55,TRUCK03,Paul,completed
COL0565,BIN016,2024-03-11 12:00:00,78.25,TRUCK04,Grace,completed
COL0566,BIN016,2024-03-11 18:00:00,84.33,TRUCK03,Paul,completed
COL0567,BIN016,2024-03-15 12:00:00,78.97,TRUCK03,Peter,completed
COL0568,BIN016,2024-03-15 18:00:00,83.24,TRUCK01,Emmanuel,completed
COL0569,BIN016,2024-03-19 06:00:00,79.08,TRUCK03,Paul,completed
COL0570,BIN016,2024-03-23 12:00:00,82.67,TRUCK01,Grace,completed
COL0571,BIN016,2024-03-26 12:00:00,79.66,TRUCK01,Peter,completed
COL0572,BIN016,2024-03-26 18:00:00,83.99,TRUCK03,Paul,completed
COL0573,BIN016,2024-03-30 18:00:00,80.62,TRUCK04,Grace,completed
COL0574,BIN017,2024-01-03 00:00:00,64.54,TRUCK01,Peter,completed
COL0575,BIN017,2024-01-03 06:00:00,63.97,TRUCK02,Grace,completed
COL0576,BIN017,2024-01-06 00:00:00,68.02,TRUCK01,Mary,completed
COL0577,BIN017,2024-01-08 12:00:00,62.48,TRUCK04,Peter,completed
COL0578,BIN017,2024-01-08 18:00:00,64.87,TRUCK03,Grace,completed
COL0579,BIN017,2024-01-12 00:00:00,63.55,TRUCK02,Mary,completed
COL0580,BIN017,2024-01-14 12:00:00,66.85,TRUCK04,Emmanuel,completed
COL0581,BIN017,2024-01-17 12:00:00,66.37,TRUCK03,Mary,completed
COL0582,BIN017,2024-01-17 18:00:00,67.63,TRUCK04,Emmanuel,completed
COL0583,BIN017,2024-01-20 12:00:00,63.42,TRUCK03,Peter,completed
COL0584,BIN017,2024-01-20 18:00:00,72.25,TRUCK01,Emmanuel,completed
COL0585,BIN017,2024-01-23 12:00:00,68.32,TRUCK04,Peter,completed
COL0586,BIN017,2024-01-26 12:00:00,66.33,TRUCK03,Emmanuel,completed
COL0587,BIN017,2024-01-28 12:00:00,66.53,TRUCK04,Grace,completed
COL0588,BIN017,2024-01-31 18:00:00,64.02,TRUCK04,Emmanuel,completed
COL0589,BIN017,2024-02-01 00:00:00,69.41,TRUCK04,Mary,completed
COL0590,BIN017,2024-02-03 12:00:00,73.48,TRUCK01,Emmanuel,completed
COL0591,BIN017,2024-02-06 06:00:00,64.65,TRUCK03,Grace,completed
COL0592,BIN017,2024-02-09 18:00:00,64.79,TRUCK02,Peter,completed
COL0593,BIN017,2024-02-12 00:00:00,63.17,TRUCK01,Grace,completed
COL0594,BIN017,2024-02-14 18:00:00,67.61,TRUCK01,Grace,completed
COL0595,BIN017,2024-02-17 12:00:00,67.88,TRUCK03,Grace,completed
COL0596,BIN017,2024-02-20 00:00:00,62.48,TRUCK01,Paul,completed
COL0597,BIN017,2024-02-20 06:00:00,67.11,TRUCK03,Paul,completed
COL0598,BIN017,2024-02-23 06:00:00,65.34,TRUCK02,Mary,completed
COL0599,BIN017,2024-02-25 18:00:00,63.03,TRUCK03,Mary,completed
COL0600,BIN017,2024-02-26 00:00:00,66.71,TRUCK01,Peter,completed
COL0601,BIN017,2024-02-28 18:00:00,63.71,TRUCK04,Emmanuel,completed
COL0602,BIN017,2024-02-29 00:00:00,65.06,TRUCK02,Peter,completed
COL0603,BIN017,2024-03-03 00:00:00,65.93,TRUCK02,Emmanuel,completed
COL0604,BIN017,2024-03-05 12:00:00,65.81,TRUCK03,Grace,completed
COL0605,BIN017,2024-03-08 12:00:00,68.17,TRUCK03,Peter,completed
COL0606,BIN017,2024-03-11 00:00:00,63.2,TRUCK03,Emmanuel,completed
COL0607,BIN017,2024-03-11 06:00:00,63.9,TRUCK02,Peter,completed
COL0608,BIN017,2024-03-14 12:00:00,67.44,TRUCK03,Mary,completed
COL0609,BIN017,2024-03-17 12:00:00,66.04,TRUCK03,Peter,completed
COL0610,BIN017,2024-03-20 00:00:00,62.84,TRUCK03,Grace,completed
COL0611,BIN017,2024-03-20 06:00:00,67.39,TRUCK02,Peter,completed
COL0612,BIN017,2024-03-23 06:00:00,65.49,TRUCK03,Mary,completed
COL0613,BIN017,2024-03-25 12:00:00,64.82,TRUCK03,Grace,completed
COL0614,BIN017,2024-03-25 18:00:00,67.71,TRUCK04,Paul,completed
COL0615,BIN017,2024-03-29 00:00:00,65.21,TRUCK03,Mary,completed
COL0616,BIN018,2024-01-05 06:00:00,95.94,TRUCK01,Mary,completed
COL0617,BIN018,2024-01-05 12:00:00,99.7,TRUCK01,Grace,completed
COL0618,BIN018,2024-01-09 12:00:00,94.32,TRUCK01,Emmanuel,completed
COL0619,BIN018,2024-01-09 18:00:00,95.52,TRUCK03,Peter,completed
COL0620,BIN018,2024-01-13 18:00:00,94.27,TRUCK02,Paul,completed
COL0621,BIN018,2024-01-14 00:00:00,100.77,TRUCK04,Grace,completed
COL0622,BIN018,2024-01-18 12:00:00,94.73,TRUCK02,Paul,completed
COL0623,BIN018,2024-01-18 18:00:00,99.02,TRUCK03,Peter,completed
COL0624,BIN018,2024-01-23 00:00:00,100.84,TRUCK03,Mary,completed
COL0625,BIN018,2024-01-23 06:00:00,100.34,TRUCK03,Grace,completed
COL0626,BIN018,2024-01-27 12:00:00,94.67,TRUCK04,Emmanuel,completed
COL0627,BIN018,2024-01-27 18:00:00,101.89,TRUCK03,Mary,completed
COL0628,BIN018,2024-02-01 00:00:00,93.81,TRUCK03,Grace,completed
COL0629,BIN018,2024-02-01 06:00:00,100.07,TRUCK01,Grace,completed
COL0630,BIN018,2024-02-05 12:00:00,95.42,TRUCK01,Peter,completed
COL0631,BIN018,2024-02-05 18:00:00,97.91,TRUCK01,Peter,completed
COL0632,BIN018,2024-02-10 12:00:00,103.9,TRUCK01,Paul,completed
COL0633,BIN018,2024-02-14 12:00:00,98.1,TRUCK03,Grace,completed
COL0634,BIN018,2024-02-18 06:00:00,94.61,TRUCK01,Paul,completed
COL0635,BIN018,2024-02-18 12:00:00,105.24,TRUCK01,Grace,completed
COL0636,BIN018,2024-02-23 12:00:00,95.44,TRUCK01,Peter,completed
COL0637,BIN018,2024-02-23 18:00:00,99.92,TRUCK02,Mary,completed
COL0638,BIN018,2024-02-27 12:00:00,97.79,TRUCK04,Mary,completed
COL0639,BIN018,2024-03-03 00:00:00,93.91,TRUCK01,Grace,completed
COL0640,BIN018,2024-03-03 06:00:00,100.99,TRUCK04,Paul,completed
COL0641,BIN018,2024-03-07 12:00:00,98.74,TRUCK01,Peter,completed
COL0642,BIN018,2024-03-11 12:00:00,97.15,TRUCK03,Grace,completed
COL0643,BIN018,2024-03-16 06:00:00,99.41,TRUCK02,Paul,completed
COL0644,BIN018,2024-03-20 18:00:00,96.73,TRUCK01,Peter,completed
COL0645,BIN018,2024-03-25 12:00:00,98.38,TRUCK04,Paul,completed
COL0646,BIN018,2024-03-29 18:00:00,95.77,TRUCK03,Emmanuel,completed
COL0647,BIN018,2024-03-30 00:00:00,98.26,TRUCK02,Grace,completed
COL0648,BIN019,2024-01-04 12:00:00,83.82,TRUCK04,Mary,completed
COL0649,BIN019,2024-01-07 12:00:00,82.43,TRUCK04,Peter,completed
COL0650,BIN019,2024-01-10 18:00:00,83.05,TRUCK03,Paul,completed
COL0651,BIN019,2024-01-13 18:00:00,83.66,TRUCK03,Emmanuel,completed
COL0652,BIN019,2024-01-17 12:00:00,78.82,TRUCK03,Peter,completed
COL0653,BIN019,2024-01-21 00:00:00,80.33,TRUCK02,Paul,completed
COL0654,BIN019,2024-01-24 06:00:00,78.29,TRUCK02,Grace,completed
COL0655,BIN019,2024-01-24 12:00:00,85.85,TRUCK04,Paul,completed
COL0656,BIN019,2024-01-27 18:00:00,81.7,TRUCK03,Paul,completed
COL0657,BIN019,2024-01-31 06:00:00,82.17,TRUCK02,Peter,completed
COL0658,BIN019,2024-02-04 00:00:00,81.55,TRUCK02,Grace,completed
COL0659,BIN019,2024-02-07 18:00:00,78.02,TRUCK02,Peter,completed
COL0660,BIN019,2024-02-08 00:00:00,80.26,TRUCK04,Paul,completed
COL0661,BIN019,2024-02-11 12:00:00,84.36,TRUCK01,Grace,completed
COL0662,BIN019,2024-02-15 00:00:00,80.02,TRUCK04,Emmanuel,completed
COL0663,BIN019,2024-02-15 06:00:00,83.1,TRUCK03,Emmanuel,completed
COL0664,BIN019,2024-02-18 12:00:00,84.62,TRUCK02,Emmanuel,completed
COL0665,BIN019,2024-02-21 18:00:00,78.73,TRUCK03,Emmanuel,completed
COL0666,BIN019,2024-02-25 06:00:00,80.37,TRUCK03,Paul,completed
COL0667,BIN019,2024-02-29 00:00:00,83.03,TRUCK03,Paul,completed
COL0668,BIN019,2024-03-03 18:00:00,83.1,TRUCK02,Mary,completed
COL0669,BIN019,2024-03-08 12:00:00,80.17,TRUCK04,Peter,completed
COL0670,BIN019,2024-03-12 06:00:00,80.83,TRUCK03,Paul,completed
COL0671,BIN019,2024-03-16 00:00:00,78.68,TRUCK01,Peter,completed
COL0672,BIN019,2024-03-16 06:00:00,80.63,TRUCK02,Grace,completed
COL0673,BIN019,2024-03-19 00:00:00,79.49,TRUCK04,Grace,completed
COL0674,BIN019,2024-03-19 06:00:00,85.43,TRUCK04,Grace,completed
COL0675,BIN019,2024-03-23 06:00:00,81.67,TRUCK02,Grace,completed
COL0676,BIN019,2024-03-23 12:00:00,88.68,TRUCK01,Emmanuel,completed
COL0677,BIN019,2024-03-27 06:00:00,81.08,TRUCK03,Grace,completed
COL0678,BIN019,2024-03-30 12:00:00,83.91,TRUCK03,Paul,completed
COL0679,BIN020,2024-01-03 06:00:00,63.93,TRUCK01,Emmanuel,completed
COL0680,BIN020,2024-01-03 12:00:00,70.83,TRUCK04,Grace,completed
COL0681,BIN020,2024-01-06 00:00:00,64.75,TRUCK03,Paul,completed
COL0682,BIN020,2024-01-08 12:00:00,66.12,TRUCK01,Mary,completed
COL0683,BIN020,2024-01-11 12:00:00,67.5,TRUCK04,Mary,completed
COL0684,BIN020,2024-01-11 18:00:00,70.41,TRUCK03,Paul,completed
COL0685,BIN020,2024-01-14 00:00:00,63.73,TRUCK04,Peter,completed
COL0686,BIN020,2024-01-16 12:00:00,70.76,TRUCK03,Mary,completed
COL0687,BIN020,2024-01-19 12:00:00,65.47,TRUCK02,Paul,completed
COL0688,BIN020,2024-01-21 12:00:00,63.9,TRUCK03,Paul,completed
COL0689,BIN020,2024-01-24 12:00:00,62.5,TRUCK04,Peter,completed
COL0690,BIN020,2024-01-24 18:00:00,66.53,TRUCK04,Emmanuel,completed
COL0691,BIN020,2024-01-27 12:00:00,63.42,TRUCK03,Paul,completed
COL0692,BIN020,2024-01-27 18:00:00,65.19,TRUCK01,Peter,completed
COL0693,BIN020,2024-01-30 12:00:00,63.63,TRUCK03,Grace,completed
COL0694,BIN020,2024-01-30 18:00:00,64.92,TRUCK03,Peter,completed
COL0695,BIN020,2024-02-02 18:00:00,65.95,TRUCK04,Emmanuel,completed
COL0696,BIN020,2024-02-05 06:00:00,68.29,TRUCK03,Paul,completed
COL0697,BIN020,2024-02-08 12:00:00,62.53,TRUCK01,Mary,completed
COL0698,BIN020,2024-02-08 18:00:00,67.51,TRUCK04,Grace,completed
COL0699,BIN020,2024-02-11 06:00:00,64.13,TRUCK01,Grace,completed
COL0700,BIN020,2024-02-11 12:00:00,71.07,TRUCK04,Emmanuel,completed
COL0701,BIN020,2024-02-14 06:00:00,64.79,TRUCK01,Paul,completed
COL0702,BIN020,2024-02-14 12:00:00,66.03,TRUCK04,Peter,completed
COL0703,BIN020,2024-02-18 00:00:00,63.81,TRUCK02,Emmanuel,completed
COL0704,BIN020,2024-02-20 12:00:00,64.05,TRUCK02,Paul,completed
COL0705,BIN020,2024-02-20 18:00:00,66.28,TRUCK01,Grace,completed
COL0706,BIN020,2024-02-23 18:00:00,64.5,TRUCK04,Paul,completed
COL0707,BIN020,2024-02-24 00:00:00,69.45,TRUCK04,Mary,completed
COL0708,BIN020,2024-02-26 12:00:00,67.96,TRUCK04,Emmanuel,completed
COL0709,BIN020,2024-02-29 06:00:00,65.89,TRUCK03,Paul,completed
COL0710,BIN020,2024-03-03 00:00:00,71.84,TRUCK01,Peter,completed
COL0711,BIN020,2024-03-05 18:00:00,65.14,TRUCK01,Emmanuel,completed
COL0712,BIN020,2024-03-08 18:00:00,62.73,TRUCK03,Emmanuel,completed
COL0713,BIN020,2024-03-09 00:00:00,64.53,TRUCK01,Mary,completed
COL0714,BIN020,2024-03-10 18:00:00,63.03,TRUCK01,Paul,completed
COL0715,BIN020,2024-03-11 00:00:00,65.17,TRUCK02,Emmanuel,completed
COL0716,BIN020,2024-03-14 00:00:00,64.89,TRUCK01,Mary,completed
COL0717,BIN020,2024-03-16 18:00:00,64.61,TRUCK03,Grace,completed
COL0718,BIN020,2024-03-19 00:00:00,64.79,TRUCK04,Mary,completed
COL0719,BIN020,2024-03-19 06:00:00,67.28,TRUCK03,Mary,completed
COL0720,BIN020,2024-03-22 06:00:00,62.91,TRUCK02,Peter,completed
COL0721,BIN020,2024-03-24 12:00:00,63.65,TRUCK01,Grace,completed
COL0722,BIN020,2024-03-24 18:00:00,72.37,TRUCK04,Grace,completed
COL0723,BIN020,2024-03-28 00:00:00,62.88,TRUCK02,Paul,completed
COL0724,BIN020,2024-03-28 06:00:00,67.9,TRUCK01,Peter,completed
COL0725,BIN020,2024-03-30 18:00:00,66.0,TRUCK04,Paul,completed
COL0726,BIN021,2024-01-02 18:00:00,82.03,TRUCK01,Paul,completed
COL0727,BIN021,2024-01-05 00:00:00,79.7,TRUCK04,Grace,completed
COL0728,BIN021,2024-01-05 06:00:00,83.75,TRUCK03,Peter,completed
COL0729,BIN021,2024-01-07 06:00:00,81.08,TRUCK01,Peter,completed
COL0730,BIN021,2024-01-07 12:00:00,85.62,TRUCK01,Peter,completed
COL0731,BIN021,2024-01-10 06:00:00,86.1,TRUCK01,Paul,completed
COL0732,BIN021,2024-01-12 12:00:00,78.0,TRUCK02,Mary,completed
COL0733,BIN021,2024-01-12 18:00:00,91.81,TRUCK04,Peter,completed
COL0734,BIN021,2024-01-14 18:00:00,87.17,TRUCK04,Emmanuel,completed
COL0735,BIN021,2024-01-16 18:00:00,80.14,TRUCK02,Mary,completed
COL0736,BIN021,2024-01-19 06:00:00,78.45,TRUCK03,Mary,completed
COL0737,BIN021,2024-01-19 12:00:00,87.77,TRUCK04,Grace,completed
COL0738,BIN021,2024-01-21 12:00:00,87.92,TRUCK03,Mary,completed
COL0739,BIN021,2024-01-23 18:00:00,79.0,TRUCK03,Mary,completed
COL0740,BIN021,2024-01-24 00:00:00,84.86,TRUCK01,Mary,completed
COL0741,BIN021,2024-01-26 06:00:00,81.53,TRUCK03,Paul,completed
COL0742,BIN021,2024-01-28 12:00:00,85.74,TRUCK01,Emmanuel,completed
COL0743,BIN021,2024-01-30 18:00:00,83.73,TRUCK01,Emmanuel,completed
COL0744,BIN021,2024-02-02 00:00:00,82.3,TRUCK01,Mary,completed
COL0745,BIN021,2024-02-04 00:00:00,83.2,TRUCK01,Paul,completed
COL0746,BIN021,2024-02-06 12:00:00,86.54,TRUCK04,Emmanuel,completed
COL0747,BIN021,2024-02-08 12:00:00,78.45,TRUCK01,Paul,completed
COL0748,BIN021,2024-02-08 18:00:00,84.64,TRUCK02,Mary,completed
COL0749,BIN021,2024-02-11 00:00:00,87.68,TRUCK01,Peter,completed
COL0750,BIN021,2024-02-13 12:00:00,83.84,TRUCK01,Paul,completed
COL0751,BIN021,2024-02-15 18:00:00,78.05,TRUCK04,Emmanuel,completed
COL0752,BIN021,2024-02-16 00:00:00,87.39,TRUCK04,Peter,completed
COL0753,BIN021,2024-02-18 06:00:00,90.39,TRUCK03,Mary,completed
COL0754,BIN021,2024-02-20 12:00:00,84.97,TRUCK04,Mary,completed
COL0755,BIN021,2024-02-23 06:00:00,80.23,TRUCK01,Emmanuel,completed
COL0756,BIN021,2024-02-23 12:00:00,89.78,TRUCK04,Mary,completed
COL0757,BIN021,2024-02-25 06:00:00,91.85,TRUCK02,Grace,completed
COL0758,BIN021,2024-02-27 12:00:00,83.19,TRUCK02,Peter,completed
COL0759,BIN021,2024-02-29 18:00:00,77.99,TRUCK04,Emmanuel,completed
COL0760,BIN021,2024-03-01 00:00:00,79.87,TRUCK03,Peter,completed
COL0761,BIN021,2024-03-03 12:00:00,83.05,TRUCK03,Grace,completed
COL0762,BIN021,2024-03-08 00:00:00,88.18,TRUCK04,Grace,completed
COL0763,BIN021,2024-03-09 18:00:00,83.01,TRUCK02,Grace,completed
COL0764,BIN021,2024-03-11 12:00:00,78.76,TRUCK01,Mary,completed
COL0765,BIN021,2024-03-13 18:00:00,85.33,TRUCK01,Peter,completed
COL0766,BIN021,2024-03-16 00:00:00,84.25,TRUCK02,Paul,completed
COL0767,BIN021,2024-03-18 06:00:00,79.31,TRUCK04,Peter,completed
COL0768,BIN021,2024-03-20 12:00:00,81.61,TRUCK03,Mary,completed
COL0769,BIN021,2024-03-22 18:00:00,82.54,TRUCK03,Mary,completed
COL0770,BIN021,2024-03-24 12:00:00,85.59,TRUCK04,Mary,completed
COL0771,BIN021,2024-03-26 18:00:00,79.62,TRUCK01,Emmanuel,completed
COL0772,BIN021,2024-03-27 00:00:00,84.23,TRUCK04,Grace,completed
COL0773,BIN021,2024-03-29 12:00:00,86.09,TRUCK03,Peter,completed
COL0774,BIN022,2024-01-04 12:00:00,121.99,TRUCK02,Peter,completed
COL0775,BIN022,2024-01-07 18:00:00,117.35,TRUCK02,Grace,completed
COL0776,BIN022,2024-01-08 00:00:00,123.39,TRUCK02,Peter,completed
COL0777,BIN022,2024-01-11 18:00:00,117.78,TRUCK02,Grace,completed
COL0778,BIN022,2024-01-12 00:00:00,125.1,TRUCK01,Grace,completed
COL0779,BIN022,2024-01-15 06:00:00,124.35,TRUCK03,Emmanuel,completed
COL0780,BIN022,2024-01-19 00:00:00,126.26,TRUCK02,Grace,completed
COL0781,BIN022,2024-01-22 06:00:00,125.19,TRUCK01,Mary,completed
COL0782,BIN022,2024-01-25 12:00:00,124.16,TRUCK03,Peter,completed
COL0783,BIN022,2024-01-28 18:00:00,123.49,TRUCK03,Mary,completed
COL0784,BIN022,2024-02-01 18:00:00,125.96,TRUCK04,Grace,completed
COL0785,BIN022,2024-02-04 12:00:00,126.29,TRUCK01,Peter,completed
COL0786,BIN022,2024-02-08 00:00:00,118.47,TRUCK03,Mary,completed
COL0787,BIN022,2024-02-08 06:00:00,123.58,TRUCK03,Grace,completed
COL0788,BIN022,2024-02-11 18:00:00,117.57,TRUCK02,Grace,completed
COL0789,BIN022,2024-02-12 00:00:00,123.64,TRUCK04,Emmanuel,completed
COL0790,BIN022,2024-02-15 18:00:00,123.2,TRUCK01,Paul,completed
COL0791,BIN022,2024-02-19 06:00:00,118.69,TRUCK02,Grace,completed
COL0792,BIN022,2024-02-23 00:00:00,122.14,TRUCK03,Peter,completed
COL0793,BIN022,2024-02-23 06:00:00,126.81,TRUCK01,Emmanuel,completed
COL0794,BIN022,2024-02-26 06:00:00,120.09,TRUCK03,Emmanuel,completed
COL0795,BIN022,2024-02-26 12:00:00,124.39,TRUCK03,Paul,completed
COL0796,BIN022,2024-03-01 12:00:00,125.12,TRUCK03,Grace,completed
COL0797,BIN022,2024-03-04 18:00:00,117.72,TRUCK01,Grace,completed
COL0798,BIN022,2024-03-05 00:00:00,125.65,TRUCK04,Grace,completed
COL0799,BIN022,2024-03-08 12:00:00,128.3,TRUCK02,Grace,completed
COL0800,BIN022,2024-03-11 18:00:00,121.69,TRUCK03,Mary,completed
COL0801,BIN022,2024-03-15 06:00:00,123.55,TRUCK02,Paul,completed
COL0802,BIN022,2024-03-18 18:00:00,118.96,TRUCK03,Grace,completed
COL0803,BIN022,2024-03-19 00:00:00,125.62,TRUCK01,Mary,completed
COL0804,BIN022,2024-03-22 12:00:00,124.38,TRUCK03,Mary,completed
COL0805,BIN022,2024-03-25 18:00:00,118.3,TRUCK02,Mary,completed
COL0806,BIN022,2024-03-29 06:00:00,118.82,TRUCK01,Grace,completed
COL0807,BIN022,2024-03-29 12:00:00,126.08,TRUCK01,Peter,completed
COL0808,BIN023,2024-01-04 06:00:00,118.04,TRUCK01,Mary,completed
COL0809,BIN023,2024-01-04 12:00:00,124.45,TRUCK01,Paul,completed
COL0810,BIN023,2024-01-07 12:00:00,127.15,TRUCK02,Emmanuel,completed
COL0811,BIN023,2024-01-10 12:00:00,122.61,TRUCK03,Peter,completed
COL0812,BIN023,2024-01-14 06:00:00,128.45,TRUCK04,Paul,completed
COL0813,BIN023,2024-01-17 12:00:00,122.53,TRUCK02,Grace,completed
COL0814,BIN023,2024-01-20 18:00:00,117.06,TRUCK03,Peter,completed
COL0815,BIN023,2024-01-21 00:00:00,126.53,TRUCK03,Mary,completed
COL0816,BIN023,2024-01-24 00:00:00,117.03,TRUCK02,Mary,completed
COL0817,BIN023,2024-01-24 06:00:00,124.42,TRUCK03,Grace,completed
COL0818,BIN023,2024-01-27 12:00:00,128.02,TRUCK02,Mary,completed
COL0819,BIN023,2024-01-30 12:00:00,125.37,TRUCK04,Emmanuel,completed
COL0820,BIN023,2024-02-03 06:00:00,122.74,TRUCK04,Mary,completed
COL0821,BIN023,2024-02-06 18:00:00,122.89,TRUCK03,Emmanuel,completed
COL0822,BIN023,2024-02-10 06:00:00,117.22,TRUCK03,Grace,completed
COL0823,BIN023,2024-02-10 12:00:00,126.1,TRUCK01,Mary,completed
COL0824,BIN023,2024-02-14 06:00:00,119.24,TRUCK04,Grace,completed
COL0825,BIN023,2024-02-14 12:00:00,124.18,TRUCK03,Emmanuel,completed
COL0826,BIN023,2024-02-18 06:00:00,121.71,TRUCK03,Mary,completed
COL0827,BIN023,2024-02-22 12:00:00,123.05,TRUCK03,Emmanuel,completed
COL0828,BIN023,2024-02-25 18:00:00,121.0,TRUCK01,Peter,completed
COL0829,BIN023,2024-03-01 00:00:00,127.22,TRUCK01,Peter,completed
COL0830,BIN023,2024-03-04 12:00:00,127.49,TRUCK04,Grace,completed
COL0831,BIN023,2024-03-07 18:00:00,118.38,TRUCK01,Grace,completed
COL0832,BIN023,2024-03-08 00:00:00,120.79,TRUCK01,Paul,completed
COL0833,BIN023,2024-03-11 18:00:00,127.16,TRUCK03,Grace,completed
COL0834,BIN023,2024-03-15 00:00:00,123.93,TRUCK03,Emmanuel,completed
COL0835,BIN023,2024-03-15 06:00:00,125.08,TRUCK02,Mary,completed
COL0836,BIN023,2024-03-18 06:00:00,120.33,TRUCK01,Mary,completed
COL0837,BIN023,2024-03-18 12:00:00,129.4,TRUCK01,Mary,completed
COL0838,BIN023,2024-03-22 06:00:00,120.39,TRUCK02,Grace,completed
COL0839,BIN023,2024-03-24 18:00:00,123.94,TRUCK04,Paul,completed
COL0840,BIN023,2024-03-28 18:00:00,118.09,TRUCK04,Mary,completed
COL0841,BIN023,2024-03-29 00:00:00,122.59,TRUCK01,Emmanuel,completed
COL0842,BIN024,2024-01-07 12:00:00,86.94,TRUCK01,Peter,completed
COL0843,BIN024,2024-01-11 12:00:00,82.18,TRUCK02,Mary,completed
COL0844,BIN024,2024-01-14 18:00:00,78.5,TRUCK01,Paul,completed
COL0845,BIN024,2024-01-15 00:00:00,82.05,TRUCK04,Mary,completed
COL0846,BIN024,2024-01-18 18:00:00,84.68,TRUCK03,Paul,completed
COL0847,BIN024,2024-01-21 18:00:00,79.56,TRUCK04,Mary,completed
COL0848,BIN024,2024-01-22 00:00:00,83.3,TRUCK04,Emmanuel,completed
COL0849,BIN024,2024-01-25 18:00:00,78.69,TRUCK02,Peter,completed
COL0850,BIN024,2024-01-26 00:00:00,83.37,TRUCK04,Grace,completed
COL0851,BIN024,2024-01-29 06:00:00,79.54,TRUCK02,Mary,completed
COL0852,BIN024,2024-01-29 12:00:00,84.34,TRUCK02,Paul,completed
COL0853,BIN024,2024-02-02 12:00:00,79.79,TRUCK03,Peter,completed
COL0854,BIN024,2024-02-02 18:00:00,85.84,TRUCK03,Peter,completed
COL0855,BIN024,2024-02-06 06:00:00,82.4,TRUCK04,Paul,completed
COL0856,BIN024,2024-02-10 06:00:00,83.28,TRUCK01,Paul,completed
COL0857,BIN024,2024-02-13 06:00:00,79.07,TRUCK01,Peter,completed
COL0858,BIN024,2024-02-13 12:00:00,80.42,TRUCK04,Grace,completed
COL0859,BIN024,2024-02-17 06:00:00,78.16,TRUCK02,Peter,completed
COL0860,BIN024,2024-02-20 12:00:00,79.92,TRUCK02,Peter,completed
COL0861,BIN024,2024-02-24 06:00:00,85.53,TRUCK02,Mary,completed
COL0862,BIN024,2024-02-27 06:00:00,80.05,TRUCK02,Mary,completed
COL0863,BIN024,2024-02-27 12:00:00,82.95,TRUCK04,Emmanuel,completed
COL0864,BIN024,2024-03-02 12:00:00,82.26,TRUCK02,Emmanuel,completed
COL0865,BIN024,2024-03-06 06:00:00,82.1,TRUCK03,Mary,completed
COL0866,BIN024,2024-03-09 12:00:00,79.08,TRUCK04,Paul,completed
COL0867,BIN024,2024-03-09 18:00:00,83.14,TRUCK02,Emmanuel,completed
COL0868,BIN024,2024-03-13 06:00:00,82.18,TRUCK02,Peter,completed
COL0869,BIN024,2024-03-17 12:00:00,82.03,TRUCK02,Emmanuel,completed
COL0870,BIN024,2024-03-21 00:00:00,81.17,TRUCK02,Paul,completed
COL0871,BIN024,2024-03-21 06:00:00,83.4,TRUCK02,Grace,completed
COL0872,BIN024,2024-03-24 18:00:00,84.29,TRUCK02,Mary,completed
COL0873,BIN024,2024-03-28 06:00:00,78.73,TRUCK04,Peter,completed
COL0874,BIN025,2024-01-03 18:00:00,67.15,TRUCK03,Emmanuel,completed
COL0875,BIN025,2024-01-06 12:00:00,63.17,TRUCK04,Paul,completed
COL0876,BIN025,2024-01-08 18:00:00,64.03,TRUCK03,Paul,completed
COL0877,BIN025,2024-01-11 18:00:00,65.05,TRUCK01,Peter,completed
COL0878,BIN025,2024-01-12 00:00:00,67.07,TRUCK01,Emmanuel,completed
COL0879,BIN025,2024-01-14 12:00:00,68.35,TRUCK04,Emmanuel,completed
COL0880,BIN025,2024-01-17 06:00:00,63.52,TRUCK01,Mary,completed
COL0881,BIN025,2024-01-17 12:00:00,67.78,TRUCK02,Peter,completed
COL0882,BIN025,2024-01-20 12:00:00,65.24,TRUCK01,Emmanuel,completed
COL0883,BIN025,2024-01-23 12:00:00,69.41,TRUCK02,Peter,completed
COL0884,BIN025,2024-01-26 12:00:00,64.03,TRUCK03,Peter,completed
COL0885,BIN025,2024-01-26 18:00:00,66.86,TRUCK04,Paul,completed
COL0886,BIN025,2024-01-28 18:00:00,67.26,TRUCK04,Grace,completed
COL0887,BIN025,2024-02-01 00:00:00,62.82,TRUCK01,Peter,completed
COL0888,BIN025,2024-02-01 12:00:00,67.56,TRUCK02,Grace,completed
COL0889,BIN025,2024-02-03 18:00:00,63.88,TRUCK02,Paul,completed
COL0890,BIN025,2024-02-04 00:00:00,69.65,TRUCK02,Paul,completed
COL0891,BIN025,2024-02-06 06:00:00,66.49,TRUCK02,Emmanuel,completed
COL0892,BIN025,2024-02-09 00:00:00,66.03,TRUCK01,Emmanuel,completed
COL0893,BIN025,2024-02-11 18:00:00,63.07,TRUCK03,Emmanuel,completed
COL0894,BIN025,2024-02-15 00:00:00,62.68,TRUCK02,Grace,completed
COL0895,BIN025,2024-02-15 06:00:00,68.36,TRUCK02,Peter,completed
COL0896,BIN025,2024-02-17 18:00:00,64.34,TRUCK03,Emmanuel,completed
COL0897,BIN025,2024-02-20 06:00:00,63.67,TRUCK02,Emmanuel,completed
COL0898,BIN025,2024-02-22 18:00:00,63.03,TRUCK03,Emmanuel,completed
COL0899,BIN025,2024-02-23 00:00:00,64.33,TRUCK03,Paul,completed
COL0900,BIN025,2024-02-23 06:00:00,65.17,TRUCK01,Grace,completed
COL0901,BIN025,2024-02-25 06:00:00,65.28,TRUCK03,Paul,completed
COL0902,BIN025,2024-02-25 12:00:00,72.9,TRUCK02,Paul,completed
COL0903,BIN025,2024-02-28 00:00:00,66.47,TRUCK03,Paul,completed
COL0904,BIN025,2024-02-28 06:00:00,66.45,TRUCK03,Emmanuel,completed
COL0905,BIN025,2024-03-02 00:00:00,65.28,TRUCK02,Peter,completed
COL0906,BIN025,2024-03-04 12:00:00,66.07,TRUCK02,Emmanuel,completed
COL0907,BIN025,2024-03-07 06:00:00,66.14,TRUCK01,Mary,completed
COL0908,BIN025,2024-03-10 00:00:00,64.35,TRUCK01,Paul,completed
COL0909,BIN025,2024-03-12 12:00:00,66.34,TRUCK02,Mary,completed
COL0910,BIN025,2024-03-15 06:00:00,63.34,TRUCK02,Peter,completed
COL0911,BIN025,2024-03-15 12:00:00,67.49,TRUCK03,Mary,completed
COL0912,BIN025,2024-03-18 00:00:00,63.49,TRUCK01,Emmanuel,completed
COL0913,BIN025,2024-03-21 00:00:00,63.02,TRUCK02,Mary,completed
COL0914,BIN025,2024-03-21 06:00:00,63.7,TRUCK01,Peter,completed
COL0915,BIN025,2024-03-23 12:00:00,65.15,TRUCK03,Paul,completed
COL0916,BIN025,2024-03-26 06:00:00,66.43,TRUCK04,Grace,completed
COL0917,BIN025,2024-03-30 00:00:00,62.58,TRUCK04,Grace,completed
COL0918,BIN026,2024-01-04 06:00:00,80.64,TRUCK01,Mary,completed
COL0919,BIN026,2024-01-07 12:00:00,78.9,TRUCK02,Peter,completed
COL0920,BIN026,2024-01-07 18:00:00,82.75,TRUCK04,Grace,completed
COL0921,BIN026,2024-01-11 18:00:00,83.31,TRUCK02,Emmanuel,completed
COL0922,BIN026,2024-01-15 06:00:00,79.85,TRUCK04,Emmanuel,completed
COL0923,BIN026,2024-01-15 12:00:00,87.51,TRUCK01,Mary,completed
COL0924,BIN026,2024-01-19 12:00:00,79.5,TRUCK03,Grace,completed
COL0925,BIN026,2024-01-19 18:00:00,82.44,TRUCK01,Grace,completed
COL0926,BIN026,2024-01-22 12:00:00,79.79,TRUCK01,Emmanuel,completed
COL0927,BIN026,2024-01-26 18:00:00,83.66,TRUCK01,Paul,completed
COL0928,BIN026,2024-01-30 06:00:00,85.1,TRUCK02,Grace,completed
COL0929,BIN026,2024-02-03 06:00:00,82.61,TRUCK04,Grace,completed
COL0930,BIN026,2024-02-07 00:00:00,79.78,TRUCK04,Mary,completed
COL0931,BIN026,2024-02-10 18:00:00,83.26,TRUCK04,Mary,completed
COL0932,BIN026,2024-02-14 12:00:00,78.76,TRUCK02,Emmanuel,completed
COL0933,BIN026,2024-02-14 18:00:00,80.68,TRUCK04,Peter,completed
COL0934,BIN026,2024-02-18 12:00:00,79.62,TRUCK04,Grace,completed
COL0935,BIN026,2024-02-22 06:00:00,79.75,TRUCK02,Peter,completed
COL0936,BIN026,2024-02-22 12:00:00,87.01,TRUCK03,Peter,completed
COL0937,BIN026,2024-02-26 00:00:00,83.85,TRUCK02,Emmanuel,completed
COL0938,BIN026,2024-02-29 18:00:00,79.32,TRUCK01,Paul,completed
COL0939,BIN026,2024-03-01 00:00:00,82.28,TRUCK02,Mary,completed
COL0940,BIN026,2024-03-04 00:00:00,78.05,TRUCK02,Paul,completed
COL0941,BIN026,2024-03-04 06:00:00,81.46,TRUCK04,Mary,completed
COL0942,BIN026,2024-03-08 12:00:00,82.67,TRUCK02,Peter,completed
COL0943,BIN026,2024-03-12 06:00:00,81.64,TRUCK03,Mary,completed
COL0944,BIN026,2024-03-16 06:00:00,78.99,TRUCK04,Paul,completed
COL0945,BIN026,2024-03-19 06:00:00,78.74,TRUCK02,Grace,completed
COL0946,BIN026,2024-03-19 12:00:00,82.96,TRUCK04,Paul,completed
COL0947,BIN026,2024-03-23 00:00:00,80.1,TRUCK02,Peter,completed
COL0948,BIN026,2024-03-26 06:00:00,81.03,TRUCK04,Peter,completed
COL0949,BIN026,2024-03-26 12:00:00,88.12,TRUCK01,Grace,completed
COL0950,BIN026,2024-03-29 18:00:00,81.33,TRUCK03,Grace,completed
COL0951,BIN027,2024-01-03 06:00:00,97.12,TRUCK01,Paul,completed
COL0952,BIN027,2024-01-03 12:00:00,104.45,TRUCK03,Peter,completed
COL0953,BIN027,2024-01-06 00:00:00,94.14,TRUCK04,Paul,completed
COL0954,BIN027,2024-01-06 06:00:00,99.65,TRUCK04,Grace,completed
COL0955,BIN027,2024-01-08 12:00:00,95.78,TRUCK03,Peter,completed
COL0956,BIN027,2024-01-08 18:00:00,101.49,TRUCK01,Peter,completed
COL0957,BIN027,2024-01-11 18:00:00,97.37,TRUCK04,Emmanuel,completed
COL0958,BIN027,2024-01-14 06:00:00,103.56,TRUCK02,Mary,completed
COL0959,BIN027,2024-01-17 00:00:00,95.08,TRUCK04,Paul,completed
COL0960,BIN027,2024-01-17 06:00:00,100.52,TRUCK02,Mary,completed
COL0961,BIN027,2024-01-20 00:00:00,96.04,TRUCK04,Peter,completed
COL0962,BIN027,2024-01-22 12:00:00,94.95,TRUCK04,Peter,completed
COL0963,BIN027,2024-01-25 18:00:00,101.67,TRUCK04,Mary,completed
COL0964,BIN027,2024-01-28 00:00:00,94.74,TRUCK04,Grace,completed
COL0965,BIN027,2024-01-28 06:00:00,104.69,TRUCK02,Grace,completed
COL0966,BIN027,2024-01-30 18:00:00,98.74,TRUCK04,Emmanuel,completed
COL0967,BIN027,2024-02-02 12:00:00,98.39,TRUCK04,Paul,completed
COL0968,BIN027,2024-02-05 00:00:00,99.93,TRUCK02,Grace,completed
COL0969,BIN027,2024-02-07 18:00:00,95.73,TRUCK01,Mary,completed
COL0970,BIN027,2024-02-08 00:00:00,102.54,TRUCK02,Peter,completed
COL0971,BIN027,2024-02-10 12:00:00,96.87,TRUCK02,Peter,completed
COL0972,BIN027,2024-02-13 18:00:00,97.52,TRUCK04,Mary,completed
COL0973,BIN027,2024-02-17 06:00:00,100.33,TRUCK02,Grace,completed
COL0974,BIN027,2024-02-19 12:00:00,98.35,TRUCK04,Paul,completed
COL0975,BIN027,2024-02-22 12:00:00,101.64,TRUCK01,Mary,completed
COL0976,BIN027,2024-02-25 00:00:00,93.57,TRUCK03,Grace,completed
COL0977,BIN027,2024-02-25 06:00:00,102.67,TRUCK02,Paul,completed
COL0978,BIN027,2024-02-27 12:00:00,93.65,TRUCK03,Emmanuel,completed
COL0979,BIN027,2024-02-27 18:00:00,98.28,TRUCK01,Paul,completed
COL0980,BIN027,2024-03-01 18:00:00,95.66,TRUCK04,Grace,completed
COL0981,BIN027,2024-03-04 00:00:00,96.65,TRUCK04,Emmanuel,completed
COL0982,BIN027,2024-03-04 06:00:00,104.11,TRUCK02,Emmanuel,completed
COL0983,BIN027,2024-03-06 18:00:00,96.42,TRUCK01,Mary,completed
COL0984,BIN027,2024-03-09 18:00:00,98.26,TRUCK03,Peter,completed
COL0985,BIN027,2024-03-12 00:00:00,94.03,TRUCK01,Peter,completed
COL0986,BIN027,2024-03-12 06:00:00,96.5,TRUCK02,Paul,completed
COL0987,BIN027,2024-03-15 00:00:00,94.17,TRUCK04,Mary,completed
COL0988,BIN027,2024-03-15 06:00:00,104.53,TRUCK04,Peter,completed
COL0989,BIN027,2024-03-18 06:00:00,99.74,TRUCK03,Mary,completed
COL0990,BIN027,2024-03-21 06:00:00,97.73,TRUCK01,Paul,completed
COL0991,BIN027,2024-03-23 18:00:00,101.02,TRUCK04,Paul,completed
COL0992,BIN027,2024-03-26 06:00:00,98.47,TRUCK03,Mary,completed
COL0993,BIN027,2024-03-26 12:00:00,100.59,TRUCK04,Paul,completed
COL0994,BIN027,2024-03-30 00:00:00,97.73,TRUCK01,Grace,completed
COL0995,BIN028,2024-01-03 06:00:00,62.79,TRUCK03,Grace,completed
COL0996,BIN028,2024-01-03 12:00:00,70.6,TRUCK01,Grace,completed
COL0997,BIN028,2024-01-06 00:00:00,65.1,TRUCK04,Peter,completed
COL0998,BIN028,2024-01-06 06:00:00,66.25,TRUCK02,Peter,completed
COL0999,BIN028,2024-01-08 06:00:00,68.8,TRUCK03,Mary,completed
COL1000,BIN028,2024-01-11 06:00:00,67.85,TRUCK01,Peter,completed
COL1001,BIN028,2024-01-14 00:00:00,64.7,TRUCK01,Mary,completed
COL1002,BIN028,2024-01-17 00:00:00,68.13,TRUCK04,Grace,completed
COL1003,BIN028,2024-01-20 00:00:00,62.55,TRUCK03,Peter,completed
COL1004,BIN028,2024-01-20 06:00:00,67.4,TRUCK02,Emmanuel,completed
COL1005,BIN028,2024-01-22 06:00:00,64.02,TRUCK01,Peter,completed
COL1006,BIN028,2024-01-25 06:00:00,67.95,TRUCK04,Paul,completed
COL1007,BIN028,2024-01-27 18:00:00,63.38,TRUCK01,Mary,completed
COL1008,BIN028,2024-01-28 00:00:00,70.2,TRUCK02,Paul,completed
COL1009,BIN028,2024-01-30 18:00:00,64.75,TRUCK02,Grace,completed
COL1010,BIN028,2024-01-31 00:00:00,67.57,TRUCK03,Mary,completed
COL1011,BIN028,2024-02-03 00:00:00,65.17,TRUCK02,Peter,completed
COL1012,BIN028,2024-02-03 06:00:00,68.88,TRUCK04,Emmanuel,completed
COL1013,BIN028,2024-02-05 12:00:00,63.55,TRUCK01,Peter,completed
COL1014,BIN028,2024-02-08 18:00:00,65.25,TRUCK02,Grace,completed
COL1015,BIN028,2024-02-09 00:00:00,68.7,TRUCK01,Emmanuel,completed
COL1016,BIN028,2024-02-11 18:00:00,66.64,TRUCK01,Peter,completed
COL1017,BIN028,2024-02-14 18:00:00,67.23,TRUCK03,Paul,completed
COL1018,BIN028,2024-02-17 12:00:00,63.21,TRUCK02,Peter,completed
COL1019,BIN028,2024-02-20 00:00:00,64.47,TRUCK01,Peter,completed
COL1020,BIN028,2024-02-23 00:00:00,63.86,TRUCK02,Paul,completed
COL1021,BIN028,2024-02-23 06:00:00,72.2,TRUCK04,Peter,completed
COL1022,BIN028,2024-02-25 12:00:00,63.8,TRUCK01,Mary,completed
COL1023,BIN028,2024-02-28 18:00:00,69.02,TRUCK04,Emmanuel,completed
COL1024,BIN028,2024-03-02 12:00:00,64.04,TRUCK03,Grace,completed
COL1025,BIN028,2024-03-02 18:00:00,72.56,TRUCK04,Emmanuel,completed
COL1026,BIN028,2024-03-05 12:00:00,65.85,TRUCK01,Paul,completed
COL1027,BIN028,2024-03-08 12:00:00,68.16,TRUCK01,Emmanuel,completed
COL1028,BIN028,2024-03-10 18:00:00,65.6,TRUCK04,Peter,completed
COL1029,BIN028,2024-03-16 18:00:00,66.91,TRUCK02,Paul,completed
COL1030,BIN028,2024-03-19 00:00:00,68.68,TRUCK04,Peter,completed
COL1031,BIN028,2024-03-21 12:00:00,62.63,TRUCK01,Emmanuel,completed
COL1032,BIN028,2024-03-21 18:00:00,68.17,TRUCK03,Paul,completed
COL1033,BIN028,2024-03-24 12:00:00,69.1,TRUCK02,Mary,completed
COL1034,BIN028,2024-03-27 06:00:00,65.32,TRUCK02,Peter,completed
COL1035,BIN028,2024-03-30 06:00:00,62.59,TRUCK02,Peter,completed
COL1036,BIN028,2024-03-30 12:00:00,69.38,TRUCK03,Mary,completed
COL1037,BIN029,2024-01-02 18:00:00,66.06,TRUCK03,Grace,completed
COL1038,BIN029,2024-01-05 12:00:00,63.43,TRUCK04,Grace,completed
COL1039,BIN029,2024-01-05 18:00:00,63.88,TRUCK03,Grace,completed
COL1040,BIN029,2024-01-08 12:00:00,67.33,TRUCK04,Mary,completed
COL1041,BIN029,2024-01-11 18:00:00,63.11,TRUCK03,Paul,completed
COL1042,BIN029,2024-01-12 00:00:00,65.97,TRUCK02,Grace,completed
COL1043,BIN029,2024-01-14 18:00:00,65.28,TRUCK01,Mary,completed
COL1044,BIN029,2024-01-17 06:00:00,63.0,TRUCK02,Grace,completed
COL1045,BIN029,2024-01-17 12:00:00,67.28,TRUCK01,Emmanuel,completed
COL1046,BIN029,2024-01-20 12:00:00,67.81,TRUCK02,Mary,completed
COL1047,BIN029,2024-01-23 06:00:00,64.3,TRUCK02,Peter,completed
COL1048,BIN029,2024-01-26 06:00:00,66.61,TRUCK01,Peter,completed
COL1049,BIN029,2024-01-28 18:00:00,66.2,TRUCK04,Peter,completed
COL1050,BIN029,2024-01-31 12:00:00,62.54,TRUCK01,Paul,completed
COL1051,BIN029,2024-01-31 18:00:00,65.45,TRUCK04,Mary,completed
COL1052,BIN029,2024-02-03 12:00:00,62.86,TRUCK01,Paul,completed
COL1053,BIN029,2024-02-06 06:00:00,66.29,TRUCK02,Grace,completed
COL1054,BIN029,2024-02-09 18:00:00,67.85,TRUCK02,Mary,completed
COL1055,BIN029,2024-02-12 12:00:00,62.58,TRUCK01,Peter,completed
COL1056,BIN029,2024-02-12 18:00:00,65.02,TRUCK04,Grace,completed
COL1057,BIN029,2024-02-16 00:00:00,64.72,TRUCK02,Paul,completed
COL1058,BIN029,2024-02-18 12:00:00,71.07,TRUCK03,Peter,completed
COL1059,BIN029,2024-02-21 06:00:00,65.36,TRUCK03,Grace,completed
COL1060,BIN029,2024-02-23 18:00:00,65.99,TRUCK02,Grace,completed
COL1061,BIN029,2024-02-25 12:00:00,62.62,TRUCK04,Emmanuel,completed
COL1062,BIN029,2024-02-26 00:00:00,67.24,TRUCK01,Mary,completed
COL1063,BIN029,2024-02-28 12:00:00,63.22,TRUCK01,Paul,completed
COL1064,BIN029,2024-03-02 06:00:00,67.06,TRUCK01,Emmanuel,completed
COL1065,BIN029,2024-03-04 18:00:00,68.22,TRUCK01,Mary,completed
COL1066,BIN029,2024-03-07 18:00:00,63.44,TRUCK02,Mary,completed
COL1067,BIN029,2024-03-08 00:00:00,62.82,TRUCK03,Paul,completed
COL1068,BIN029,2024-03-10 12:00:00,64.88,TRUCK02,Peter,completed
COL1069,BIN029,2024-03-13 18:00:00,66.03,TRUCK01,Emmanuel,completed
COL1070,BIN029,2024-03-16 06:00:00,65.5,TRUCK02,Grace,completed
COL1071,BIN029,2024-03-18 12:00:00,62.92,TRUCK03,Mary,completed
COL1072,BIN029,2024-03-21 00:00:00,63.39,TRUCK02,Peter,completed
COL1073,BIN029,2024-03-21 06:00:00,64.48,TRUCK01,Grace,completed
COL1074,BIN029,2024-03-24 06:00:00,62.71,TRUCK04,Paul,completed
COL1075,BIN029,2024-03-24 12:00:00,70.12,TRUCK04,Emmanuel,completed
COL1076,BIN029,2024-03-27 12:00:00,65.7,TRUCK03,Mary,completed
COL1077,BIN029,2024-03-30 06:00:00,65.58,TRUCK04,Grace,completed
COL1078,BIN030,2024-01-03 18:00:00,81.75,TRUCK01,Paul,completed
COL1079,BIN030,2024-01-07 00:00:00,80.42,TRUCK01,Grace,completed
COL1080,BIN030,2024-01-10 12:00:00,80.9,TRUCK02,Grace,completed
COL1081,BIN030,2024-01-14 06:00:00,78.1,TRUCK03,Emmanuel,completed
COL1082,BIN030,2024-01-14 12:00:00,85.41,TRUCK03,Mary,completed
COL1083,BIN030,2024-01-18 06:00:00,80.05,TRUCK03,Emmanuel,completed
COL1084,BIN030,2024-01-21 00:00:00,78.66,TRUCK01,Peter,completed
COL1085,BIN030,2024-01-21 06:00:00,80.87,TRUCK01,Mary,completed
COL1086,BIN030,2024-01-25 06:00:00,80.73,TRUCK02,Grace,completed
COL1087,BIN030,2024-01-28 18:00:00,81.23,TRUCK02,Grace,completed
COL1088,BIN030,2024-02-01 12:00:00,78.66,TRUCK01,Grace,completed
COL1089,BIN030,2024-02-04 18:00:00,82.42,TRUCK01,Emmanuel,completed
COL1090,BIN030,2024-02-09 06:00:00,78.83,TRUCK03,Grace,completed
COL1091,BIN030,2024-02-09 12:00:00,85.08,TRUCK01,Mary,completed
COL1092,BIN030,2024-02-12 18:00:00,81.42,TRUCK02,Grace,completed
COL1093,BIN030,2024-02-17 00:00:00,82.48,TRUCK04,Mary,completed
COL1094,BIN030,2024-02-20 00:00:00,80.15,TRUCK04,Emmanuel,completed
COL1095,BIN030,2024-02-23 18:00:00,77.98,TRUCK01,Peter,completed
COL1096,BIN030,2024-02-24 00:00:00,82.43,TRUCK02,Emmanuel,completed
COL1097,BIN030,2024-02-27 12:00:00,79.32,TRUCK04,Paul,completed
COL1098,BIN030,2024-02-27 18:00:00,81.83,TRUCK02,Emmanuel,completed
COL1099,BIN030,2024-03-02 00:00:00,81.53,TRUCK03,Peter,completed
COL1100,BIN030,2024-03-05 12:00:00,78.96,TRUCK04,Peter,completed
COL1101,BIN030,2024-03-05 18:00:00,84.37,TRUCK04,Emmanuel,completed
COL1102,BIN030,2024-03-09 06:00:00,80.28,TRUCK02,Peter,completed
COL1103,BIN030,2024-03-12 12:00:00,85.51,TRUCK01,Peter,completed
COL1104,BIN030,2024-03-16 12:00:00,82.5,TRUCK01,Paul,completed
COL1105,BIN030,2024-03-20 06:00:00,80.51,TRUCK01,Paul,completed
COL1106,BIN030,2024-03-23 18:00:00,80.94,TRUCK04,Emmanuel,completed
COL1107,BIN030,2024-03-24 00:00:00,80.13,TRUCK03,Paul,completed
COL1108,BIN030,2024-03-28 00:00:00,82.2,TRUCK02,Peter,completed
